{
	"__comment": "Designed by Musicalcreeper01 with Cubik Studio - https://cubik.studio",
	"textures": {
		"texture": "items/voxel_palette",
		"voxel_palette": "items/voxel_palette"
	},
	"elements": [
		{
			"__comment": "Voxels-444444",
			"from": [ 0, 0, 0 ],
			"to": [ 1.333333, 0.6666667, 1.333333 ],
			"faces": {
				"down": { "uv": [ 13.24, 15.24, 13.76, 15.76 ], "texture": "#voxel_palette" },
				"up": { "uv": [ 13.24, 15.24, 13.76, 15.76 ], "texture": "#voxel_palette" },
				"north": { "uv": [ 13.24, 15.24, 13.76, 15.76 ], "texture": "#voxel_palette" },
				"south": { "uv": [ 13.24, 15.24, 13.76, 15.76 ], "texture": "#voxel_palette" },
				"west": { "uv": [ 13.24, 15.24, 13.76, 15.76 ], "texture": "#voxel_palette" },
				"east": { "uv": [ 13.24, 15.24, 13.76, 15.76 ], "texture": "#voxel_palette" }
			}
		},
		{
			"__comment": "Voxels-444444",
			"from": [ 0, 0, 8 ],
			"to": [ 1.333333, 0.6666667, 9.333333 ],
			"faces": {
				"down": { "uv": [ 13.24, 15.24, 13.76, 15.76 ], "texture": "#voxel_palette" },
				"up": { "uv": [ 13.24, 15.24, 13.76, 15.76 ], "texture": "#voxel_palette" },
				"north": { "uv": [ 13.24, 15.24, 13.76, 15.76 ], "texture": "#voxel_palette" },
				"south": { "uv": [ 13.24, 15.24, 13.76, 15.76 ], "texture": "#voxel_palette" },
				"west": { "uv": [ 13.24, 15.24, 13.76, 15.76 ], "texture": "#voxel_palette" },
				"east": { "uv": [ 13.24, 15.24, 13.76, 15.76 ], "texture": "#voxel_palette" }
			}
		},
		{
			"__comment": "Voxels-7DB9DE",
			"from": [ 0, 0.6667, 0 ],
			"to": [ 10.66667, 1.333367, 1.333333 ],
			"faces": {
				"down": { "uv": [ 0.24, 12.24, 0.76, 12.76 ], "texture": "#voxel_palette" },
				"up": { "uv": [ 0.24, 12.24, 0.76, 12.76 ], "texture": "#voxel_palette" },
				"north": { "uv": [ 0.24, 12.24, 0.76, 12.76 ], "texture": "#voxel_palette" },
				"south": { "uv": [ 0.24, 12.24, 0.76, 12.76 ], "texture": "#voxel_palette" },
				"west": { "uv": [ 0.24, 12.24, 0.76, 12.76 ], "texture": "#voxel_palette" },
				"east": { "uv": [ 0.24, 12.24, 0.76, 12.76 ], "texture": "#voxel_palette" }
			}
		},
		{
			"__comment": "Voxels-7DB9DE",
			"from": [ 0, 0.6667, 1.3333 ],
			"to": [ 1.333333, 1.333367, 9.3333 ],
			"faces": {
				"down": { "uv": [ 0.24, 12.24, 0.76, 12.76 ], "texture": "#voxel_palette" },
				"up": { "uv": [ 0.24, 12.24, 0.76, 12.76 ], "texture": "#voxel_palette" },
				"north": { "uv": [ 0.24, 12.24, 0.76, 12.76 ], "texture": "#voxel_palette" },
				"south": { "uv": [ 0.24, 12.24, 0.76, 12.76 ], "texture": "#voxel_palette" },
				"west": { "uv": [ 0.24, 12.24, 0.76, 12.76 ], "texture": "#voxel_palette" },
				"east": { "uv": [ 0.24, 12.24, 0.76, 12.76 ], "texture": "#voxel_palette" }
			}
		},
		{
			"__comment": "Voxels-7DB9DE",
			"from": [ 0, 1.3333, 0 ],
			"to": [ 1.333333, 2.666633, 1.333333 ],
			"faces": {
				"down": { "uv": [ 0.24, 12.24, 0.76, 12.76 ], "texture": "#voxel_palette" },
				"up": { "uv": [ 0.24, 12.24, 0.76, 12.76 ], "texture": "#voxel_palette" },
				"north": { "uv": [ 0.24, 12.24, 0.76, 12.76 ], "texture": "#voxel_palette" },
				"south": { "uv": [ 0.24, 12.24, 0.76, 12.76 ], "texture": "#voxel_palette" },
				"west": { "uv": [ 0.24, 12.24, 0.76, 12.76 ], "texture": "#voxel_palette" },
				"east": { "uv": [ 0.24, 12.24, 0.76, 12.76 ], "texture": "#voxel_palette" }
			}
		},
		{
			"__comment": "Voxels-7DB9DE",
			"from": [ 0, 1.3333, 8 ],
			"to": [ 1.333333, 2.666633, 9.333333 ],
			"faces": {
				"down": { "uv": [ 0.24, 12.24, 0.76, 12.76 ], "texture": "#voxel_palette" },
				"up": { "uv": [ 0.24, 12.24, 0.76, 12.76 ], "texture": "#voxel_palette" },
				"north": { "uv": [ 0.24, 12.24, 0.76, 12.76 ], "texture": "#voxel_palette" },
				"south": { "uv": [ 0.24, 12.24, 0.76, 12.76 ], "texture": "#voxel_palette" },
				"west": { "uv": [ 0.24, 12.24, 0.76, 12.76 ], "texture": "#voxel_palette" },
				"east": { "uv": [ 0.24, 12.24, 0.76, 12.76 ], "texture": "#voxel_palette" }
			}
		},
		{
			"__comment": "Voxels-707C74",
			"from": [ 0, 2.6667, 0 ],
			"to": [ 1.333333, 3.333367, 0.6666667 ],
			"faces": {
				"down": { "uv": [ 15.24, 14.24, 15.76, 14.76 ], "texture": "#voxel_palette" },
				"up": { "uv": [ 15.24, 14.24, 15.76, 14.76 ], "texture": "#voxel_palette" },
				"north": { "uv": [ 15.24, 14.24, 15.76, 14.76 ], "texture": "#voxel_palette" },
				"south": { "uv": [ 15.24, 14.24, 15.76, 14.76 ], "texture": "#voxel_palette" },
				"west": { "uv": [ 15.24, 14.24, 15.76, 14.76 ], "texture": "#voxel_palette" },
				"east": { "uv": [ 15.24, 14.24, 15.76, 14.76 ], "texture": "#voxel_palette" }
			}
		},
		{
			"__comment": "Voxels-707C74",
			"from": [ 0, 2.6667, 0.6667 ],
			"to": [ 0.6666667, 3.333367, 1.333367 ],
			"faces": {
				"down": { "uv": [ 15.24, 14.24, 15.76, 14.76 ], "texture": "#voxel_palette" },
				"up": { "uv": [ 15.24, 14.24, 15.76, 14.76 ], "texture": "#voxel_palette" },
				"north": { "uv": [ 15.24, 14.24, 15.76, 14.76 ], "texture": "#voxel_palette" },
				"south": { "uv": [ 15.24, 14.24, 15.76, 14.76 ], "texture": "#voxel_palette" },
				"west": { "uv": [ 15.24, 14.24, 15.76, 14.76 ], "texture": "#voxel_palette" },
				"east": { "uv": [ 15.24, 14.24, 15.76, 14.76 ], "texture": "#voxel_palette" }
			}
		},
		{
			"__comment": "Voxels-707C74",
			"from": [ 0, 2.6667, 8 ],
			"to": [ 0.6666667, 3.333367, 9.333333 ],
			"faces": {
				"down": { "uv": [ 15.24, 14.24, 15.76, 14.76 ], "texture": "#voxel_palette" },
				"up": { "uv": [ 15.24, 14.24, 15.76, 14.76 ], "texture": "#voxel_palette" },
				"north": { "uv": [ 15.24, 14.24, 15.76, 14.76 ], "texture": "#voxel_palette" },
				"south": { "uv": [ 15.24, 14.24, 15.76, 14.76 ], "texture": "#voxel_palette" },
				"west": { "uv": [ 15.24, 14.24, 15.76, 14.76 ], "texture": "#voxel_palette" },
				"east": { "uv": [ 15.24, 14.24, 15.76, 14.76 ], "texture": "#voxel_palette" }
			}
		},
		{
			"__comment": "Voxels-707C74",
			"from": [ 0, 3.3333, 0 ],
			"to": [ 0.6666667, 3.999967, 0.6666667 ],
			"faces": {
				"down": { "uv": [ 15.24, 14.24, 15.76, 14.76 ], "texture": "#voxel_palette" },
				"up": { "uv": [ 15.24, 14.24, 15.76, 14.76 ], "texture": "#voxel_palette" },
				"north": { "uv": [ 15.24, 14.24, 15.76, 14.76 ], "texture": "#voxel_palette" },
				"south": { "uv": [ 15.24, 14.24, 15.76, 14.76 ], "texture": "#voxel_palette" },
				"west": { "uv": [ 15.24, 14.24, 15.76, 14.76 ], "texture": "#voxel_palette" },
				"east": { "uv": [ 15.24, 14.24, 15.76, 14.76 ], "texture": "#voxel_palette" }
			}
		},
		{
			"__comment": "Voxels-7DB9DE",
			"from": [ 0, 3.3333, 0.6667 ],
			"to": [ 10.66667, 5.3333, 1.333367 ],
			"faces": {
				"down": { "uv": [ 0.24, 12.24, 0.76, 12.76 ], "texture": "#voxel_palette" },
				"up": { "uv": [ 0.24, 12.24, 0.76, 12.76 ], "texture": "#voxel_palette" },
				"north": { "uv": [ 0.24, 12.24, 0.76, 12.76 ], "texture": "#voxel_palette" },
				"south": { "uv": [ 0.24, 12.24, 0.76, 12.76 ], "texture": "#voxel_palette" },
				"west": { "uv": [ 0.24, 12.24, 0.76, 12.76 ], "texture": "#voxel_palette" },
				"east": { "uv": [ 0.24, 12.24, 0.76, 12.76 ], "texture": "#voxel_palette" }
			}
		},
		{
			"__comment": "Voxels-7DB9DE",
			"from": [ 0, 3.3333, 1.3333 ],
			"to": [ 10.66667, 4.666633, 8.666634 ],
			"faces": {
				"down": { "uv": [ 0.24, 12.24, 0.76, 12.76 ], "texture": "#voxel_palette" },
				"up": { "uv": [ 0.24, 12.24, 0.76, 12.76 ], "texture": "#voxel_palette" },
				"north": { "uv": [ 0.24, 12.24, 0.76, 12.76 ], "texture": "#voxel_palette" },
				"south": { "uv": [ 0.24, 12.24, 0.76, 12.76 ], "texture": "#voxel_palette" },
				"west": { "uv": [ 0.24, 12.24, 0.76, 12.76 ], "texture": "#voxel_palette" },
				"east": { "uv": [ 0.24, 12.24, 0.76, 12.76 ], "texture": "#voxel_palette" }
			}
		},
		{
			"__comment": "Voxels-707C74",
			"from": [ 0, 3.3333, 8.666699 ],
			"to": [ 0.6666667, 3.999967, 9.333366 ],
			"faces": {
				"down": { "uv": [ 15.24, 14.24, 15.76, 14.76 ], "texture": "#voxel_palette" },
				"up": { "uv": [ 15.24, 14.24, 15.76, 14.76 ], "texture": "#voxel_palette" },
				"north": { "uv": [ 15.24, 14.24, 15.76, 14.76 ], "texture": "#voxel_palette" },
				"south": { "uv": [ 15.24, 14.24, 15.76, 14.76 ], "texture": "#voxel_palette" },
				"west": { "uv": [ 15.24, 14.24, 15.76, 14.76 ], "texture": "#voxel_palette" },
				"east": { "uv": [ 15.24, 14.24, 15.76, 14.76 ], "texture": "#voxel_palette" }
			}
		},
		{
			"__comment": "Voxels-7DB9DE",
			"from": [ 0, 4, 0 ],
			"to": [ 10.66667, 16, 0.6666667 ],
			"faces": {
				"down": { "uv": [ 0.24, 12.24, 0.76, 12.76 ], "texture": "#voxel_palette" },
				"up": { "uv": [ 0.24, 12.24, 0.76, 12.76 ], "texture": "#voxel_palette" },
				"north": { "uv": [ 0.24, 12.24, 0.76, 12.76 ], "texture": "#voxel_palette" },
				"south": { "uv": [ 0.24, 12.24, 0.76, 12.76 ], "texture": "#voxel_palette" },
				"west": { "uv": [ 0.24, 12.24, 0.76, 12.76 ], "texture": "#voxel_palette" },
				"east": { "uv": [ 0.24, 12.24, 0.76, 12.76 ], "texture": "#voxel_palette" }
			}
		},
		{
			"__comment": "Voxels-7DB9DE",
			"from": [ 0, 4, 8.666699 ],
			"to": [ 10.66667, 4.666667, 9.333366 ],
			"faces": {
				"down": { "uv": [ 0.24, 12.24, 0.76, 12.76 ], "texture": "#voxel_palette" },
				"up": { "uv": [ 0.24, 12.24, 0.76, 12.76 ], "texture": "#voxel_palette" },
				"north": { "uv": [ 0.24, 12.24, 0.76, 12.76 ], "texture": "#voxel_palette" },
				"south": { "uv": [ 0.24, 12.24, 0.76, 12.76 ], "texture": "#voxel_palette" },
				"west": { "uv": [ 0.24, 12.24, 0.76, 12.76 ], "texture": "#voxel_palette" },
				"east": { "uv": [ 0.24, 12.24, 0.76, 12.76 ], "texture": "#voxel_palette" }
			}
		},
		{
			"__comment": "Voxels-7DB9DE",
			"from": [ 0, 4.6667, 1.3333 ],
			"to": [ 0.6666667, 16.00003, 9.3333 ],
			"faces": {
				"down": { "uv": [ 0.24, 12.24, 0.76, 12.76 ], "texture": "#voxel_palette" },
				"up": { "uv": [ 0.24, 12.24, 0.76, 12.76 ], "texture": "#voxel_palette" },
				"north": { "uv": [ 0.24, 12.24, 0.76, 12.76 ], "texture": "#voxel_palette" },
				"south": { "uv": [ 0.24, 12.24, 0.76, 12.76 ], "texture": "#voxel_palette" },
				"west": { "uv": [ 0.24, 12.24, 0.76, 12.76 ], "texture": "#voxel_palette" },
				"east": { "uv": [ 0.24, 12.24, 0.76, 12.76 ], "texture": "#voxel_palette" }
			}
		},
		{
			"__comment": "Voxels-7DB9DE",
			"from": [ 0, 5.3333, 0.6667 ],
			"to": [ 0.6666667, 15.99997, 1.333367 ],
			"faces": {
				"down": { "uv": [ 0.24, 12.24, 0.76, 12.76 ], "texture": "#voxel_palette" },
				"up": { "uv": [ 0.24, 12.24, 0.76, 12.76 ], "texture": "#voxel_palette" },
				"north": { "uv": [ 0.24, 12.24, 0.76, 12.76 ], "texture": "#voxel_palette" },
				"south": { "uv": [ 0.24, 12.24, 0.76, 12.76 ], "texture": "#voxel_palette" },
				"west": { "uv": [ 0.24, 12.24, 0.76, 12.76 ], "texture": "#voxel_palette" },
				"east": { "uv": [ 0.24, 12.24, 0.76, 12.76 ], "texture": "#voxel_palette" }
			}
		},
		{
			"__comment": "Voxels-7DB9DE",
			"from": [ 0.6667, 2.6667, 0.6667 ],
			"to": [ 1.333367, 3.333367, 1.333367 ],
			"faces": {
				"down": { "uv": [ 0.24, 12.24, 0.76, 12.76 ], "texture": "#voxel_palette" },
				"up": { "uv": [ 0.24, 12.24, 0.76, 12.76 ], "texture": "#voxel_palette" },
				"north": { "uv": [ 0.24, 12.24, 0.76, 12.76 ], "texture": "#voxel_palette" },
				"south": { "uv": [ 0.24, 12.24, 0.76, 12.76 ], "texture": "#voxel_palette" },
				"west": { "uv": [ 0.24, 12.24, 0.76, 12.76 ], "texture": "#voxel_palette" },
				"east": { "uv": [ 0.24, 12.24, 0.76, 12.76 ], "texture": "#voxel_palette" }
			}
		},
		{
			"__comment": "Voxels-7DB9DE",
			"from": [ 0.6667, 2.6667, 8 ],
			"to": [ 1.333367, 3.333367, 8.666667 ],
			"faces": {
				"down": { "uv": [ 0.24, 12.24, 0.76, 12.76 ], "texture": "#voxel_palette" },
				"up": { "uv": [ 0.24, 12.24, 0.76, 12.76 ], "texture": "#voxel_palette" },
				"north": { "uv": [ 0.24, 12.24, 0.76, 12.76 ], "texture": "#voxel_palette" },
				"south": { "uv": [ 0.24, 12.24, 0.76, 12.76 ], "texture": "#voxel_palette" },
				"west": { "uv": [ 0.24, 12.24, 0.76, 12.76 ], "texture": "#voxel_palette" },
				"east": { "uv": [ 0.24, 12.24, 0.76, 12.76 ], "texture": "#voxel_palette" }
			}
		},
		{
			"__comment": "Voxels-707C74",
			"from": [ 0.6667, 2.6667, 8.666699 ],
			"to": [ 1.333367, 3.333367, 9.333366 ],
			"faces": {
				"down": { "uv": [ 15.24, 14.24, 15.76, 14.76 ], "texture": "#voxel_palette" },
				"up": { "uv": [ 15.24, 14.24, 15.76, 14.76 ], "texture": "#voxel_palette" },
				"north": { "uv": [ 15.24, 14.24, 15.76, 14.76 ], "texture": "#voxel_palette" },
				"south": { "uv": [ 15.24, 14.24, 15.76, 14.76 ], "texture": "#voxel_palette" },
				"west": { "uv": [ 15.24, 14.24, 15.76, 14.76 ], "texture": "#voxel_palette" },
				"east": { "uv": [ 15.24, 14.24, 15.76, 14.76 ], "texture": "#voxel_palette" }
			}
		},
		{
			"__comment": "Voxels-7DB9DE",
			"from": [ 0.6667, 3.3333, 0 ],
			"to": [ 10.00003, 3.999967, 0.6666667 ],
			"faces": {
				"down": { "uv": [ 0.24, 12.24, 0.76, 12.76 ], "texture": "#voxel_palette" },
				"up": { "uv": [ 0.24, 12.24, 0.76, 12.76 ], "texture": "#voxel_palette" },
				"north": { "uv": [ 0.24, 12.24, 0.76, 12.76 ], "texture": "#voxel_palette" },
				"south": { "uv": [ 0.24, 12.24, 0.76, 12.76 ], "texture": "#voxel_palette" },
				"west": { "uv": [ 0.24, 12.24, 0.76, 12.76 ], "texture": "#voxel_palette" },
				"east": { "uv": [ 0.24, 12.24, 0.76, 12.76 ], "texture": "#voxel_palette" }
			}
		},
		{
			"__comment": "Voxels-7DB9DE",
			"from": [ 0.6667, 3.3333, 8.666699 ],
			"to": [ 10.00003, 3.999967, 9.333366 ],
			"faces": {
				"down": { "uv": [ 0.24, 12.24, 0.76, 12.76 ], "texture": "#voxel_palette" },
				"up": { "uv": [ 0.24, 12.24, 0.76, 12.76 ], "texture": "#voxel_palette" },
				"north": { "uv": [ 0.24, 12.24, 0.76, 12.76 ], "texture": "#voxel_palette" },
				"south": { "uv": [ 0.24, 12.24, 0.76, 12.76 ], "texture": "#voxel_palette" },
				"west": { "uv": [ 0.24, 12.24, 0.76, 12.76 ], "texture": "#voxel_palette" },
				"east": { "uv": [ 0.24, 12.24, 0.76, 12.76 ], "texture": "#voxel_palette" }
			}
		},
		{
			"__comment": "Voxels-EEEEEE",
			"from": [ 0.6667, 4.6667, 1.3333 ],
			"to": [ 10.00003, 5.333366, 9.3333 ],
			"faces": {
				"down": { "uv": [ 6.24, 15.24, 6.76, 15.76 ], "texture": "#voxel_palette" },
				"up": { "uv": [ 6.24, 15.24, 6.76, 15.76 ], "texture": "#voxel_palette" },
				"north": { "uv": [ 6.24, 15.24, 6.76, 15.76 ], "texture": "#voxel_palette" },
				"south": { "uv": [ 6.24, 15.24, 6.76, 15.76 ], "texture": "#voxel_palette" },
				"west": { "uv": [ 6.24, 15.24, 6.76, 15.76 ], "texture": "#voxel_palette" },
				"east": { "uv": [ 6.24, 15.24, 6.76, 15.76 ], "texture": "#voxel_palette" }
			}
		},
		{
			"__comment": "Voxels-EEEEEE",
			"from": [ 0.6667, 5.3333, 0.6667 ],
			"to": [ 10.00003, 7.999967, 1.333367 ],
			"faces": {
				"down": { "uv": [ 6.24, 15.24, 6.76, 15.76 ], "texture": "#voxel_palette" },
				"up": { "uv": [ 6.24, 15.24, 6.76, 15.76 ], "texture": "#voxel_palette" },
				"north": { "uv": [ 6.24, 15.24, 6.76, 15.76 ], "texture": "#voxel_palette" },
				"south": { "uv": [ 6.24, 15.24, 6.76, 15.76 ], "texture": "#voxel_palette" },
				"west": { "uv": [ 6.24, 15.24, 6.76, 15.76 ], "texture": "#voxel_palette" },
				"east": { "uv": [ 6.24, 15.24, 6.76, 15.76 ], "texture": "#voxel_palette" }
			}
		},
		{
			"__comment": "Voxels-EEEEEE",
			"from": [ 0.6667, 5.3333, 1.3333 ],
			"to": [ 1.333367, 7.999967, 9.3333 ],
			"faces": {
				"down": { "uv": [ 6.24, 15.24, 6.76, 15.76 ], "texture": "#voxel_palette" },
				"up": { "uv": [ 6.24, 15.24, 6.76, 15.76 ], "texture": "#voxel_palette" },
				"north": { "uv": [ 6.24, 15.24, 6.76, 15.76 ], "texture": "#voxel_palette" },
				"south": { "uv": [ 6.24, 15.24, 6.76, 15.76 ], "texture": "#voxel_palette" },
				"west": { "uv": [ 6.24, 15.24, 6.76, 15.76 ], "texture": "#voxel_palette" },
				"east": { "uv": [ 6.24, 15.24, 6.76, 15.76 ], "texture": "#voxel_palette" }
			}
		},
		{
			"__comment": "Voxels-7DB9DE",
			"from": [ 0.6667, 8, 0.6667 ],
			"to": [ 10.6667, 8.666667, 9.333367 ],
			"faces": {
				"down": { "uv": [ 0.24, 12.24, 0.76, 12.76 ], "texture": "#voxel_palette" },
				"up": { "uv": [ 0.24, 12.24, 0.76, 12.76 ], "texture": "#voxel_palette" },
				"north": { "uv": [ 0.24, 12.24, 0.76, 12.76 ], "texture": "#voxel_palette" },
				"south": { "uv": [ 0.24, 12.24, 0.76, 12.76 ], "texture": "#voxel_palette" },
				"west": { "uv": [ 0.24, 12.24, 0.76, 12.76 ], "texture": "#voxel_palette" },
				"east": { "uv": [ 0.24, 12.24, 0.76, 12.76 ], "texture": "#voxel_palette" }
			}
		},
		{
			"__comment": "Voxels-EEEEEE",
			"from": [ 0.6667, 8.666699, 0.6667 ],
			"to": [ 10.00003, 15.33337, 1.333367 ],
			"faces": {
				"down": { "uv": [ 6.24, 15.24, 6.76, 15.76 ], "texture": "#voxel_palette" },
				"up": { "uv": [ 6.24, 15.24, 6.76, 15.76 ], "texture": "#voxel_palette" },
				"north": { "uv": [ 6.24, 15.24, 6.76, 15.76 ], "texture": "#voxel_palette" },
				"south": { "uv": [ 6.24, 15.24, 6.76, 15.76 ], "texture": "#voxel_palette" },
				"west": { "uv": [ 6.24, 15.24, 6.76, 15.76 ], "texture": "#voxel_palette" },
				"east": { "uv": [ 6.24, 15.24, 6.76, 15.76 ], "texture": "#voxel_palette" }
			}
		},
		{
			"__comment": "Voxels-EEEEEE",
			"from": [ 0.6667, 8.666699, 1.3333 ],
			"to": [ 10.00003, 9.333366, 9.3333 ],
			"faces": {
				"down": { "uv": [ 6.24, 15.24, 6.76, 15.76 ], "texture": "#voxel_palette" },
				"up": { "uv": [ 6.24, 15.24, 6.76, 15.76 ], "texture": "#voxel_palette" },
				"north": { "uv": [ 6.24, 15.24, 6.76, 15.76 ], "texture": "#voxel_palette" },
				"south": { "uv": [ 6.24, 15.24, 6.76, 15.76 ], "texture": "#voxel_palette" },
				"west": { "uv": [ 6.24, 15.24, 6.76, 15.76 ], "texture": "#voxel_palette" },
				"east": { "uv": [ 6.24, 15.24, 6.76, 15.76 ], "texture": "#voxel_palette" }
			}
		},
		{
			"__comment": "Voxels-EEEEEE",
			"from": [ 0.6667, 9.3333, 1.3333 ],
			"to": [ 1.333367, 15.3333, 9.3333 ],
			"faces": {
				"down": { "uv": [ 6.24, 15.24, 6.76, 15.76 ], "texture": "#voxel_palette" },
				"up": { "uv": [ 6.24, 15.24, 6.76, 15.76 ], "texture": "#voxel_palette" },
				"north": { "uv": [ 6.24, 15.24, 6.76, 15.76 ], "texture": "#voxel_palette" },
				"south": { "uv": [ 6.24, 15.24, 6.76, 15.76 ], "texture": "#voxel_palette" },
				"west": { "uv": [ 6.24, 15.24, 6.76, 15.76 ], "texture": "#voxel_palette" },
				"east": { "uv": [ 6.24, 15.24, 6.76, 15.76 ], "texture": "#voxel_palette" }
			}
		},
		{
			"__comment": "Voxels-7DB9DE",
			"from": [ 0.6667, 15.3333, 0.6667 ],
			"to": [ 10.6667, 15.99997, 9.333367 ],
			"faces": {
				"down": { "uv": [ 0.24, 12.24, 0.76, 12.76 ], "texture": "#voxel_palette" },
				"up": { "uv": [ 0.24, 12.24, 0.76, 12.76 ], "texture": "#voxel_palette" },
				"north": { "uv": [ 0.24, 12.24, 0.76, 12.76 ], "texture": "#voxel_palette" },
				"south": { "uv": [ 0.24, 12.24, 0.76, 12.76 ], "texture": "#voxel_palette" },
				"west": { "uv": [ 0.24, 12.24, 0.76, 12.76 ], "texture": "#voxel_palette" },
				"east": { "uv": [ 0.24, 12.24, 0.76, 12.76 ], "texture": "#voxel_palette" }
			}
		},
		{
			"__comment": "Voxels-7DB9DE",
			"from": [ 1.3333, 0.6667, 8 ],
			"to": [ 10.66663, 1.333367, 9.333333 ],
			"faces": {
				"down": { "uv": [ 0.24, 12.24, 0.76, 12.76 ], "texture": "#voxel_palette" },
				"up": { "uv": [ 0.24, 12.24, 0.76, 12.76 ], "texture": "#voxel_palette" },
				"north": { "uv": [ 0.24, 12.24, 0.76, 12.76 ], "texture": "#voxel_palette" },
				"south": { "uv": [ 0.24, 12.24, 0.76, 12.76 ], "texture": "#voxel_palette" },
				"west": { "uv": [ 0.24, 12.24, 0.76, 12.76 ], "texture": "#voxel_palette" },
				"east": { "uv": [ 0.24, 12.24, 0.76, 12.76 ], "texture": "#voxel_palette" }
			}
		},
		{
			"__comment": "Voxels-111111",
			"from": [ 1.3333, 5.3333, 2.6667 ],
			"to": [ 1.999967, 5.999966, 3.333367 ],
			"faces": {
				"down": { "uv": [ 15.24, 15.24, 15.76, 15.76 ], "texture": "#voxel_palette" },
				"up": { "uv": [ 15.24, 15.24, 15.76, 15.76 ], "texture": "#voxel_palette" },
				"north": { "uv": [ 15.24, 15.24, 15.76, 15.76 ], "texture": "#voxel_palette" },
				"south": { "uv": [ 15.24, 15.24, 15.76, 15.76 ], "texture": "#voxel_palette" },
				"west": { "uv": [ 15.24, 15.24, 15.76, 15.76 ], "texture": "#voxel_palette" },
				"east": { "uv": [ 15.24, 15.24, 15.76, 15.76 ], "texture": "#voxel_palette" }
			}
		},
		{
			"__comment": "Voxels-EEEEEE",
			"from": [ 1.3333, 6, 1.3333 ],
			"to": [ 9.999967, 6.666667, 1.999967 ],
			"faces": {
				"down": { "uv": [ 6.24, 15.24, 6.76, 15.76 ], "texture": "#voxel_palette" },
				"up": { "uv": [ 6.24, 15.24, 6.76, 15.76 ], "texture": "#voxel_palette" },
				"north": { "uv": [ 6.24, 15.24, 6.76, 15.76 ], "texture": "#voxel_palette" },
				"south": { "uv": [ 6.24, 15.24, 6.76, 15.76 ], "texture": "#voxel_palette" },
				"west": { "uv": [ 6.24, 15.24, 6.76, 15.76 ], "texture": "#voxel_palette" },
				"east": { "uv": [ 6.24, 15.24, 6.76, 15.76 ], "texture": "#voxel_palette" }
			}
		},
		{
			"__comment": "Voxels-EEEEEE",
			"from": [ 1.3333, 6, 2 ],
			"to": [ 1.999967, 6.666667, 8.666667 ],
			"faces": {
				"down": { "uv": [ 6.24, 15.24, 6.76, 15.76 ], "texture": "#voxel_palette" },
				"up": { "uv": [ 6.24, 15.24, 6.76, 15.76 ], "texture": "#voxel_palette" },
				"north": { "uv": [ 6.24, 15.24, 6.76, 15.76 ], "texture": "#voxel_palette" },
				"south": { "uv": [ 6.24, 15.24, 6.76, 15.76 ], "texture": "#voxel_palette" },
				"west": { "uv": [ 6.24, 15.24, 6.76, 15.76 ], "texture": "#voxel_palette" },
				"east": { "uv": [ 6.24, 15.24, 6.76, 15.76 ], "texture": "#voxel_palette" }
			}
		},
		{
			"__comment": "Voxels-EEEEEE",
			"from": [ 1.3333, 7.3333, 1.3333 ],
			"to": [ 9.999967, 7.999966, 9.3333 ],
			"faces": {
				"down": { "uv": [ 6.24, 15.24, 6.76, 15.76 ], "texture": "#voxel_palette" },
				"up": { "uv": [ 6.24, 15.24, 6.76, 15.76 ], "texture": "#voxel_palette" },
				"north": { "uv": [ 6.24, 15.24, 6.76, 15.76 ], "texture": "#voxel_palette" },
				"south": { "uv": [ 6.24, 15.24, 6.76, 15.76 ], "texture": "#voxel_palette" },
				"west": { "uv": [ 6.24, 15.24, 6.76, 15.76 ], "texture": "#voxel_palette" },
				"east": { "uv": [ 6.24, 15.24, 6.76, 15.76 ], "texture": "#voxel_palette" }
			}
		},
		{
			"__comment": "Voxels-555555",
			"from": [ 1.3333, 9.3333, 1.3333 ],
			"to": [ 9.3333, 11.99997, 1.999967 ],
			"faces": {
				"down": { "uv": [ 12.24, 15.24, 12.76, 15.76 ], "texture": "#voxel_palette" },
				"up": { "uv": [ 12.24, 15.24, 12.76, 15.76 ], "texture": "#voxel_palette" },
				"north": { "uv": [ 12.24, 15.24, 12.76, 15.76 ], "texture": "#voxel_palette" },
				"south": { "uv": [ 12.24, 15.24, 12.76, 15.76 ], "texture": "#voxel_palette" },
				"west": { "uv": [ 12.24, 15.24, 12.76, 15.76 ], "texture": "#voxel_palette" },
				"east": { "uv": [ 12.24, 15.24, 12.76, 15.76 ], "texture": "#voxel_palette" }
			}
		},
		{
			"__comment": "Voxels-555555",
			"from": [ 1.3333, 9.3333, 2 ],
			"to": [ 9.3333, 9.999967, 8.666667 ],
			"faces": {
				"down": { "uv": [ 12.24, 15.24, 12.76, 15.76 ], "texture": "#voxel_palette" },
				"up": { "uv": [ 12.24, 15.24, 12.76, 15.76 ], "texture": "#voxel_palette" },
				"north": { "uv": [ 12.24, 15.24, 12.76, 15.76 ], "texture": "#voxel_palette" },
				"south": { "uv": [ 12.24, 15.24, 12.76, 15.76 ], "texture": "#voxel_palette" },
				"west": { "uv": [ 12.24, 15.24, 12.76, 15.76 ], "texture": "#voxel_palette" },
				"east": { "uv": [ 12.24, 15.24, 12.76, 15.76 ], "texture": "#voxel_palette" }
			}
		},
		{
			"__comment": "Voxels-555555",
			"from": [ 1.3333, 10, 2 ],
			"to": [ 1.999967, 12, 8.666667 ],
			"faces": {
				"down": { "uv": [ 12.24, 15.24, 12.76, 15.76 ], "texture": "#voxel_palette" },
				"up": { "uv": [ 12.24, 15.24, 12.76, 15.76 ], "texture": "#voxel_palette" },
				"north": { "uv": [ 12.24, 15.24, 12.76, 15.76 ], "texture": "#voxel_palette" },
				"south": { "uv": [ 12.24, 15.24, 12.76, 15.76 ], "texture": "#voxel_palette" },
				"west": { "uv": [ 12.24, 15.24, 12.76, 15.76 ], "texture": "#voxel_palette" },
				"east": { "uv": [ 12.24, 15.24, 12.76, 15.76 ], "texture": "#voxel_palette" }
			}
		},
		{
			"__comment": "Voxels-EEEEEE",
			"from": [ 1.3333, 12, 1.3333 ],
			"to": [ 9.999967, 12.66667, 1.999967 ],
			"faces": {
				"down": { "uv": [ 6.24, 15.24, 6.76, 15.76 ], "texture": "#voxel_palette" },
				"up": { "uv": [ 6.24, 15.24, 6.76, 15.76 ], "texture": "#voxel_palette" },
				"north": { "uv": [ 6.24, 15.24, 6.76, 15.76 ], "texture": "#voxel_palette" },
				"south": { "uv": [ 6.24, 15.24, 6.76, 15.76 ], "texture": "#voxel_palette" },
				"west": { "uv": [ 6.24, 15.24, 6.76, 15.76 ], "texture": "#voxel_palette" },
				"east": { "uv": [ 6.24, 15.24, 6.76, 15.76 ], "texture": "#voxel_palette" }
			}
		},
		{
			"__comment": "Voxels-EEEEEE",
			"from": [ 1.3333, 12, 2 ],
			"to": [ 1.999967, 12.66667, 8.666667 ],
			"faces": {
				"down": { "uv": [ 6.24, 15.24, 6.76, 15.76 ], "texture": "#voxel_palette" },
				"up": { "uv": [ 6.24, 15.24, 6.76, 15.76 ], "texture": "#voxel_palette" },
				"north": { "uv": [ 6.24, 15.24, 6.76, 15.76 ], "texture": "#voxel_palette" },
				"south": { "uv": [ 6.24, 15.24, 6.76, 15.76 ], "texture": "#voxel_palette" },
				"west": { "uv": [ 6.24, 15.24, 6.76, 15.76 ], "texture": "#voxel_palette" },
				"east": { "uv": [ 6.24, 15.24, 6.76, 15.76 ], "texture": "#voxel_palette" }
			}
		},
		{
			"__comment": "Voxels-555555",
			"from": [ 1.3333, 12.6667, 1.3333 ],
			"to": [ 9.3333, 14.6667, 8.666634 ],
			"faces": {
				"down": { "uv": [ 12.24, 15.24, 12.76, 15.76 ], "texture": "#voxel_palette" },
				"up": { "uv": [ 12.24, 15.24, 12.76, 15.76 ], "texture": "#voxel_palette" },
				"north": { "uv": [ 12.24, 15.24, 12.76, 15.76 ], "texture": "#voxel_palette" },
				"south": { "uv": [ 12.24, 15.24, 12.76, 15.76 ], "texture": "#voxel_palette" },
				"west": { "uv": [ 12.24, 15.24, 12.76, 15.76 ], "texture": "#voxel_palette" },
				"east": { "uv": [ 12.24, 15.24, 12.76, 15.76 ], "texture": "#voxel_palette" }
			}
		},
		{
			"__comment": "Voxels-EEEEEE",
			"from": [ 1.3333, 14.6667, 1.3333 ],
			"to": [ 9.999967, 15.33337, 9.3333 ],
			"faces": {
				"down": { "uv": [ 6.24, 15.24, 6.76, 15.76 ], "texture": "#voxel_palette" },
				"up": { "uv": [ 6.24, 15.24, 6.76, 15.76 ], "texture": "#voxel_palette" },
				"north": { "uv": [ 6.24, 15.24, 6.76, 15.76 ], "texture": "#voxel_palette" },
				"south": { "uv": [ 6.24, 15.24, 6.76, 15.76 ], "texture": "#voxel_palette" },
				"west": { "uv": [ 6.24, 15.24, 6.76, 15.76 ], "texture": "#voxel_palette" },
				"east": { "uv": [ 6.24, 15.24, 6.76, 15.76 ], "texture": "#voxel_palette" }
			}
		},
		{
			"__comment": "Voxels-111111",
			"from": [ 2, 5.3333, 5.3333 ],
			"to": [ 2.666667, 5.999966, 5.999966 ],
			"faces": {
				"down": { "uv": [ 15.24, 15.24, 15.76, 15.76 ], "texture": "#voxel_palette" },
				"up": { "uv": [ 15.24, 15.24, 15.76, 15.76 ], "texture": "#voxel_palette" },
				"north": { "uv": [ 15.24, 15.24, 15.76, 15.76 ], "texture": "#voxel_palette" },
				"south": { "uv": [ 15.24, 15.24, 15.76, 15.76 ], "texture": "#voxel_palette" },
				"west": { "uv": [ 15.24, 15.24, 15.76, 15.76 ], "texture": "#voxel_palette" },
				"east": { "uv": [ 15.24, 15.24, 15.76, 15.76 ], "texture": "#voxel_palette" }
			}
		},
		{
			"__comment": "Voxels-555555",
			"from": [ 2, 10, 8 ],
			"to": [ 10, 12, 8.666667 ],
			"faces": {
				"down": { "uv": [ 12.24, 15.24, 12.76, 15.76 ], "texture": "#voxel_palette" },
				"up": { "uv": [ 12.24, 15.24, 12.76, 15.76 ], "texture": "#voxel_palette" },
				"north": { "uv": [ 12.24, 15.24, 12.76, 15.76 ], "texture": "#voxel_palette" },
				"south": { "uv": [ 12.24, 15.24, 12.76, 15.76 ], "texture": "#voxel_palette" },
				"west": { "uv": [ 12.24, 15.24, 12.76, 15.76 ], "texture": "#voxel_palette" },
				"east": { "uv": [ 12.24, 15.24, 12.76, 15.76 ], "texture": "#voxel_palette" }
			}
		},
		{
			"__comment": "Voxels-E83015",
			"from": [ 2.6667, 5.3333, 3.3333 ],
			"to": [ 4.6667, 5.999966, 3.999967 ],
			"faces": {
				"down": { "uv": [ 6.24, 2.24, 6.76, 2.76 ], "texture": "#voxel_palette" },
				"up": { "uv": [ 6.24, 2.24, 6.76, 2.76 ], "texture": "#voxel_palette" },
				"north": { "uv": [ 6.24, 2.24, 6.76, 2.76 ], "texture": "#voxel_palette" },
				"south": { "uv": [ 6.24, 2.24, 6.76, 2.76 ], "texture": "#voxel_palette" },
				"west": { "uv": [ 6.24, 2.24, 6.76, 2.76 ], "texture": "#voxel_palette" },
				"east": { "uv": [ 6.24, 2.24, 6.76, 2.76 ], "texture": "#voxel_palette" }
			}
		},
		{
			"__comment": "Voxels-F05E1C",
			"from": [ 2.6667, 5.3333, 4 ],
			"to": [ 3.333367, 5.999966, 4.666667 ],
			"faces": {
				"down": { "uv": [ 6.24, 3.24, 6.76, 3.76 ], "texture": "#voxel_palette" },
				"up": { "uv": [ 6.24, 3.24, 6.76, 3.76 ], "texture": "#voxel_palette" },
				"north": { "uv": [ 6.24, 3.24, 6.76, 3.76 ], "texture": "#voxel_palette" },
				"south": { "uv": [ 6.24, 3.24, 6.76, 3.76 ], "texture": "#voxel_palette" },
				"west": { "uv": [ 6.24, 3.24, 6.76, 3.76 ], "texture": "#voxel_palette" },
				"east": { "uv": [ 6.24, 3.24, 6.76, 3.76 ], "texture": "#voxel_palette" }
			}
		},
		{
			"__comment": "Voxels-E83015",
			"from": [ 2.6667, 5.3333, 6 ],
			"to": [ 4.000033, 5.999966, 6.666667 ],
			"faces": {
				"down": { "uv": [ 6.24, 2.24, 6.76, 2.76 ], "texture": "#voxel_palette" },
				"up": { "uv": [ 6.24, 2.24, 6.76, 2.76 ], "texture": "#voxel_palette" },
				"north": { "uv": [ 6.24, 2.24, 6.76, 2.76 ], "texture": "#voxel_palette" },
				"south": { "uv": [ 6.24, 2.24, 6.76, 2.76 ], "texture": "#voxel_palette" },
				"west": { "uv": [ 6.24, 2.24, 6.76, 2.76 ], "texture": "#voxel_palette" },
				"east": { "uv": [ 6.24, 2.24, 6.76, 2.76 ], "texture": "#voxel_palette" }
			}
		},
		{
			"__comment": "Voxels-E83015",
			"from": [ 2.6667, 6, 3.3333 ],
			"to": [ 4.000033, 6.666667, 3.999967 ],
			"faces": {
				"down": { "uv": [ 6.24, 2.24, 6.76, 2.76 ], "texture": "#voxel_palette" },
				"up": { "uv": [ 6.24, 2.24, 6.76, 2.76 ], "texture": "#voxel_palette" },
				"north": { "uv": [ 6.24, 2.24, 6.76, 2.76 ], "texture": "#voxel_palette" },
				"south": { "uv": [ 6.24, 2.24, 6.76, 2.76 ], "texture": "#voxel_palette" },
				"west": { "uv": [ 6.24, 2.24, 6.76, 2.76 ], "texture": "#voxel_palette" },
				"east": { "uv": [ 6.24, 2.24, 6.76, 2.76 ], "texture": "#voxel_palette" }
			}
		},
		{
			"__comment": "Voxels-F05E1C",
			"from": [ 2.6667, 6.6667, 3.3333 ],
			"to": [ 3.333367, 7.333366, 3.999967 ],
			"faces": {
				"down": { "uv": [ 6.24, 3.24, 6.76, 3.76 ], "texture": "#voxel_palette" },
				"up": { "uv": [ 6.24, 3.24, 6.76, 3.76 ], "texture": "#voxel_palette" },
				"north": { "uv": [ 6.24, 3.24, 6.76, 3.76 ], "texture": "#voxel_palette" },
				"south": { "uv": [ 6.24, 3.24, 6.76, 3.76 ], "texture": "#voxel_palette" },
				"west": { "uv": [ 6.24, 3.24, 6.76, 3.76 ], "texture": "#voxel_palette" },
				"east": { "uv": [ 6.24, 3.24, 6.76, 3.76 ], "texture": "#voxel_palette" }
			}
		},
		{
			"__comment": "Voxels-111111",
			"from": [ 3.3333, 5.3333, 4 ],
			"to": [ 3.999967, 5.999966, 4.666667 ],
			"faces": {
				"down": { "uv": [ 15.24, 15.24, 15.76, 15.76 ], "texture": "#voxel_palette" },
				"up": { "uv": [ 15.24, 15.24, 15.76, 15.76 ], "texture": "#voxel_palette" },
				"north": { "uv": [ 15.24, 15.24, 15.76, 15.76 ], "texture": "#voxel_palette" },
				"south": { "uv": [ 15.24, 15.24, 15.76, 15.76 ], "texture": "#voxel_palette" },
				"west": { "uv": [ 15.24, 15.24, 15.76, 15.76 ], "texture": "#voxel_palette" },
				"east": { "uv": [ 15.24, 15.24, 15.76, 15.76 ], "texture": "#voxel_palette" }
			}
		},
		{
			"__comment": "Voxels-E83015",
			"from": [ 3.3333, 5.3333, 6.6667 ],
			"to": [ 3.999967, 6.666633, 7.333366 ],
			"faces": {
				"down": { "uv": [ 6.24, 2.24, 6.76, 2.76 ], "texture": "#voxel_palette" },
				"up": { "uv": [ 6.24, 2.24, 6.76, 2.76 ], "texture": "#voxel_palette" },
				"north": { "uv": [ 6.24, 2.24, 6.76, 2.76 ], "texture": "#voxel_palette" },
				"south": { "uv": [ 6.24, 2.24, 6.76, 2.76 ], "texture": "#voxel_palette" },
				"west": { "uv": [ 6.24, 2.24, 6.76, 2.76 ], "texture": "#voxel_palette" },
				"east": { "uv": [ 6.24, 2.24, 6.76, 2.76 ], "texture": "#voxel_palette" }
			}
		},
		{
			"__comment": "Voxels-F05E1C",
			"from": [ 3.3333, 5.3333, 7.3333 ],
			"to": [ 3.999967, 5.999966, 7.999966 ],
			"faces": {
				"down": { "uv": [ 6.24, 3.24, 6.76, 3.76 ], "texture": "#voxel_palette" },
				"up": { "uv": [ 6.24, 3.24, 6.76, 3.76 ], "texture": "#voxel_palette" },
				"north": { "uv": [ 6.24, 3.24, 6.76, 3.76 ], "texture": "#voxel_palette" },
				"south": { "uv": [ 6.24, 3.24, 6.76, 3.76 ], "texture": "#voxel_palette" },
				"west": { "uv": [ 6.24, 3.24, 6.76, 3.76 ], "texture": "#voxel_palette" },
				"east": { "uv": [ 6.24, 3.24, 6.76, 3.76 ], "texture": "#voxel_palette" }
			}
		},
		{
			"__comment": "Voxels-E83015",
			"from": [ 3.3333, 6, 6 ],
			"to": [ 3.999967, 6.666667, 6.666667 ],
			"faces": {
				"down": { "uv": [ 6.24, 2.24, 6.76, 2.76 ], "texture": "#voxel_palette" },
				"up": { "uv": [ 6.24, 2.24, 6.76, 2.76 ], "texture": "#voxel_palette" },
				"north": { "uv": [ 6.24, 2.24, 6.76, 2.76 ], "texture": "#voxel_palette" },
				"south": { "uv": [ 6.24, 2.24, 6.76, 2.76 ], "texture": "#voxel_palette" },
				"west": { "uv": [ 6.24, 2.24, 6.76, 2.76 ], "texture": "#voxel_palette" },
				"east": { "uv": [ 6.24, 2.24, 6.76, 2.76 ], "texture": "#voxel_palette" }
			}
		},
		{
			"__comment": "Voxels-F05E1C",
			"from": [ 3.3333, 6.6667, 6 ],
			"to": [ 3.999967, 7.333366, 6.666667 ],
			"faces": {
				"down": { "uv": [ 6.24, 3.24, 6.76, 3.76 ], "texture": "#voxel_palette" },
				"up": { "uv": [ 6.24, 3.24, 6.76, 3.76 ], "texture": "#voxel_palette" },
				"north": { "uv": [ 6.24, 3.24, 6.76, 3.76 ], "texture": "#voxel_palette" },
				"south": { "uv": [ 6.24, 3.24, 6.76, 3.76 ], "texture": "#voxel_palette" },
				"west": { "uv": [ 6.24, 3.24, 6.76, 3.76 ], "texture": "#voxel_palette" },
				"east": { "uv": [ 6.24, 3.24, 6.76, 3.76 ], "texture": "#voxel_palette" }
			}
		},
		{
			"__comment": "Voxels-222222",
			"from": [ 3.3333, 10.6667, 8.666699 ],
			"to": [ 3.999967, 11.33337, 10.00003 ],
			"faces": {
				"down": { "uv": [ 14.24, 15.24, 14.76, 15.76 ], "texture": "#voxel_palette" },
				"up": { "uv": [ 14.24, 15.24, 14.76, 15.76 ], "texture": "#voxel_palette" },
				"north": { "uv": [ 14.24, 15.24, 14.76, 15.76 ], "texture": "#voxel_palette" },
				"south": { "uv": [ 14.24, 15.24, 14.76, 15.76 ], "texture": "#voxel_palette" },
				"west": { "uv": [ 14.24, 15.24, 14.76, 15.76 ], "texture": "#voxel_palette" },
				"east": { "uv": [ 14.24, 15.24, 14.76, 15.76 ], "texture": "#voxel_palette" }
			}
		},
		{
			"__comment": "Voxels-222222",
			"from": [ 3.3333, 13.3333, 8.666699 ],
			"to": [ 3.999967, 13.99997, 10.00003 ],
			"faces": {
				"down": { "uv": [ 14.24, 15.24, 14.76, 15.76 ], "texture": "#voxel_palette" },
				"up": { "uv": [ 14.24, 15.24, 14.76, 15.76 ], "texture": "#voxel_palette" },
				"north": { "uv": [ 14.24, 15.24, 14.76, 15.76 ], "texture": "#voxel_palette" },
				"south": { "uv": [ 14.24, 15.24, 14.76, 15.76 ], "texture": "#voxel_palette" },
				"west": { "uv": [ 14.24, 15.24, 14.76, 15.76 ], "texture": "#voxel_palette" },
				"east": { "uv": [ 14.24, 15.24, 14.76, 15.76 ], "texture": "#voxel_palette" }
			}
		},
		{
			"__comment": "Voxels-111111",
			"from": [ 4, 5.3333, 6.6667 ],
			"to": [ 4.666667, 5.999966, 7.333366 ],
			"faces": {
				"down": { "uv": [ 15.24, 15.24, 15.76, 15.76 ], "texture": "#voxel_palette" },
				"up": { "uv": [ 15.24, 15.24, 15.76, 15.76 ], "texture": "#voxel_palette" },
				"north": { "uv": [ 15.24, 15.24, 15.76, 15.76 ], "texture": "#voxel_palette" },
				"south": { "uv": [ 15.24, 15.24, 15.76, 15.76 ], "texture": "#voxel_palette" },
				"west": { "uv": [ 15.24, 15.24, 15.76, 15.76 ], "texture": "#voxel_palette" },
				"east": { "uv": [ 15.24, 15.24, 15.76, 15.76 ], "texture": "#voxel_palette" }
			}
		},
		{
			"__comment": "Voxels-222222",
			"from": [ 4, 10.6667, 9.3333 ],
			"to": [ 7.333333, 11.33337, 9.999967 ],
			"faces": {
				"down": { "uv": [ 14.24, 15.24, 14.76, 15.76 ], "texture": "#voxel_palette" },
				"up": { "uv": [ 14.24, 15.24, 14.76, 15.76 ], "texture": "#voxel_palette" },
				"north": { "uv": [ 14.24, 15.24, 14.76, 15.76 ], "texture": "#voxel_palette" },
				"south": { "uv": [ 14.24, 15.24, 14.76, 15.76 ], "texture": "#voxel_palette" },
				"west": { "uv": [ 14.24, 15.24, 14.76, 15.76 ], "texture": "#voxel_palette" },
				"east": { "uv": [ 14.24, 15.24, 14.76, 15.76 ], "texture": "#voxel_palette" }
			}
		},
		{
			"__comment": "Voxels-222222",
			"from": [ 4, 13.3333, 9.3333 ],
			"to": [ 7.333333, 13.99997, 9.999967 ],
			"faces": {
				"down": { "uv": [ 14.24, 15.24, 14.76, 15.76 ], "texture": "#voxel_palette" },
				"up": { "uv": [ 14.24, 15.24, 14.76, 15.76 ], "texture": "#voxel_palette" },
				"north": { "uv": [ 14.24, 15.24, 14.76, 15.76 ], "texture": "#voxel_palette" },
				"south": { "uv": [ 14.24, 15.24, 14.76, 15.76 ], "texture": "#voxel_palette" },
				"west": { "uv": [ 14.24, 15.24, 14.76, 15.76 ], "texture": "#voxel_palette" },
				"east": { "uv": [ 14.24, 15.24, 14.76, 15.76 ], "texture": "#voxel_palette" }
			}
		},
		{
			"__comment": "Voxels-111111",
			"from": [ 4.6667, 5.3333, 2 ],
			"to": [ 5.333366, 5.999966, 2.666667 ],
			"faces": {
				"down": { "uv": [ 15.24, 15.24, 15.76, 15.76 ], "texture": "#voxel_palette" },
				"up": { "uv": [ 15.24, 15.24, 15.76, 15.76 ], "texture": "#voxel_palette" },
				"north": { "uv": [ 15.24, 15.24, 15.76, 15.76 ], "texture": "#voxel_palette" },
				"south": { "uv": [ 15.24, 15.24, 15.76, 15.76 ], "texture": "#voxel_palette" },
				"west": { "uv": [ 15.24, 15.24, 15.76, 15.76 ], "texture": "#voxel_palette" },
				"east": { "uv": [ 15.24, 15.24, 15.76, 15.76 ], "texture": "#voxel_palette" }
			}
		},
		{
			"__comment": "Voxels-E83015",
			"from": [ 4.6667, 5.3333, 5.3333 ],
			"to": [ 5.333366, 6.666633, 5.999966 ],
			"faces": {
				"down": { "uv": [ 6.24, 2.24, 6.76, 2.76 ], "texture": "#voxel_palette" },
				"up": { "uv": [ 6.24, 2.24, 6.76, 2.76 ], "texture": "#voxel_palette" },
				"north": { "uv": [ 6.24, 2.24, 6.76, 2.76 ], "texture": "#voxel_palette" },
				"south": { "uv": [ 6.24, 2.24, 6.76, 2.76 ], "texture": "#voxel_palette" },
				"west": { "uv": [ 6.24, 2.24, 6.76, 2.76 ], "texture": "#voxel_palette" },
				"east": { "uv": [ 6.24, 2.24, 6.76, 2.76 ], "texture": "#voxel_palette" }
			}
		},
		{
			"__comment": "Voxels-E83015",
			"from": [ 4.6667, 5.3333, 6 ],
			"to": [ 5.333366, 5.999966, 6.666667 ],
			"faces": {
				"down": { "uv": [ 6.24, 2.24, 6.76, 2.76 ], "texture": "#voxel_palette" },
				"up": { "uv": [ 6.24, 2.24, 6.76, 2.76 ], "texture": "#voxel_palette" },
				"north": { "uv": [ 6.24, 2.24, 6.76, 2.76 ], "texture": "#voxel_palette" },
				"south": { "uv": [ 6.24, 2.24, 6.76, 2.76 ], "texture": "#voxel_palette" },
				"west": { "uv": [ 6.24, 2.24, 6.76, 2.76 ], "texture": "#voxel_palette" },
				"east": { "uv": [ 6.24, 2.24, 6.76, 2.76 ], "texture": "#voxel_palette" }
			}
		},
		{
			"__comment": "Voxels-F05E1C",
			"from": [ 5.3333, 5.3333, 5.3333 ],
			"to": [ 5.999966, 5.999966, 5.999966 ],
			"faces": {
				"down": { "uv": [ 6.24, 3.24, 6.76, 3.76 ], "texture": "#voxel_palette" },
				"up": { "uv": [ 6.24, 3.24, 6.76, 3.76 ], "texture": "#voxel_palette" },
				"north": { "uv": [ 6.24, 3.24, 6.76, 3.76 ], "texture": "#voxel_palette" },
				"south": { "uv": [ 6.24, 3.24, 6.76, 3.76 ], "texture": "#voxel_palette" },
				"west": { "uv": [ 6.24, 3.24, 6.76, 3.76 ], "texture": "#voxel_palette" },
				"east": { "uv": [ 6.24, 3.24, 6.76, 3.76 ], "texture": "#voxel_palette" }
			}
		},
		{
			"__comment": "Voxels-111111",
			"from": [ 5.3333, 5.3333, 6.6667 ],
			"to": [ 5.999966, 5.999966, 7.333366 ],
			"faces": {
				"down": { "uv": [ 15.24, 15.24, 15.76, 15.76 ], "texture": "#voxel_palette" },
				"up": { "uv": [ 15.24, 15.24, 15.76, 15.76 ], "texture": "#voxel_palette" },
				"north": { "uv": [ 15.24, 15.24, 15.76, 15.76 ], "texture": "#voxel_palette" },
				"south": { "uv": [ 15.24, 15.24, 15.76, 15.76 ], "texture": "#voxel_palette" },
				"west": { "uv": [ 15.24, 15.24, 15.76, 15.76 ], "texture": "#voxel_palette" },
				"east": { "uv": [ 15.24, 15.24, 15.76, 15.76 ], "texture": "#voxel_palette" }
			}
		},
		{
			"__comment": "Voxels-F05E1C",
			"from": [ 6, 5.3333, 4 ],
			"to": [ 6.666667, 5.999966, 4.666667 ],
			"faces": {
				"down": { "uv": [ 6.24, 3.24, 6.76, 3.76 ], "texture": "#voxel_palette" },
				"up": { "uv": [ 6.24, 3.24, 6.76, 3.76 ], "texture": "#voxel_palette" },
				"north": { "uv": [ 6.24, 3.24, 6.76, 3.76 ], "texture": "#voxel_palette" },
				"south": { "uv": [ 6.24, 3.24, 6.76, 3.76 ], "texture": "#voxel_palette" },
				"west": { "uv": [ 6.24, 3.24, 6.76, 3.76 ], "texture": "#voxel_palette" },
				"east": { "uv": [ 6.24, 3.24, 6.76, 3.76 ], "texture": "#voxel_palette" }
			}
		},
		{
			"__comment": "Voxels-111111",
			"from": [ 6, 5.3333, 5.3333 ],
			"to": [ 6.666667, 5.999966, 5.999966 ],
			"faces": {
				"down": { "uv": [ 15.24, 15.24, 15.76, 15.76 ], "texture": "#voxel_palette" },
				"up": { "uv": [ 15.24, 15.24, 15.76, 15.76 ], "texture": "#voxel_palette" },
				"north": { "uv": [ 15.24, 15.24, 15.76, 15.76 ], "texture": "#voxel_palette" },
				"south": { "uv": [ 15.24, 15.24, 15.76, 15.76 ], "texture": "#voxel_palette" },
				"west": { "uv": [ 15.24, 15.24, 15.76, 15.76 ], "texture": "#voxel_palette" },
				"east": { "uv": [ 15.24, 15.24, 15.76, 15.76 ], "texture": "#voxel_palette" }
			}
		},
		{
			"__comment": "Voxels-E83015",
			"from": [ 6.6667, 5.3333, 4 ],
			"to": [ 7.333366, 6.666633, 4.666667 ],
			"faces": {
				"down": { "uv": [ 6.24, 2.24, 6.76, 2.76 ], "texture": "#voxel_palette" },
				"up": { "uv": [ 6.24, 2.24, 6.76, 2.76 ], "texture": "#voxel_palette" },
				"north": { "uv": [ 6.24, 2.24, 6.76, 2.76 ], "texture": "#voxel_palette" },
				"south": { "uv": [ 6.24, 2.24, 6.76, 2.76 ], "texture": "#voxel_palette" },
				"west": { "uv": [ 6.24, 2.24, 6.76, 2.76 ], "texture": "#voxel_palette" },
				"east": { "uv": [ 6.24, 2.24, 6.76, 2.76 ], "texture": "#voxel_palette" }
			}
		},
		{
			"__comment": "Voxels-F05E1C",
			"from": [ 6.6667, 5.3333, 4.6667 ],
			"to": [ 7.333366, 5.999966, 5.333366 ],
			"faces": {
				"down": { "uv": [ 6.24, 3.24, 6.76, 3.76 ], "texture": "#voxel_palette" },
				"up": { "uv": [ 6.24, 3.24, 6.76, 3.76 ], "texture": "#voxel_palette" },
				"north": { "uv": [ 6.24, 3.24, 6.76, 3.76 ], "texture": "#voxel_palette" },
				"south": { "uv": [ 6.24, 3.24, 6.76, 3.76 ], "texture": "#voxel_palette" },
				"west": { "uv": [ 6.24, 3.24, 6.76, 3.76 ], "texture": "#voxel_palette" },
				"east": { "uv": [ 6.24, 3.24, 6.76, 3.76 ], "texture": "#voxel_palette" }
			}
		},
		{
			"__comment": "Voxels-222222",
			"from": [ 6.6667, 10.6667, 8.666699 ],
			"to": [ 7.333366, 11.33337, 9.333366 ],
			"faces": {
				"down": { "uv": [ 14.24, 15.24, 14.76, 15.76 ], "texture": "#voxel_palette" },
				"up": { "uv": [ 14.24, 15.24, 14.76, 15.76 ], "texture": "#voxel_palette" },
				"north": { "uv": [ 14.24, 15.24, 14.76, 15.76 ], "texture": "#voxel_palette" },
				"south": { "uv": [ 14.24, 15.24, 14.76, 15.76 ], "texture": "#voxel_palette" },
				"west": { "uv": [ 14.24, 15.24, 14.76, 15.76 ], "texture": "#voxel_palette" },
				"east": { "uv": [ 14.24, 15.24, 14.76, 15.76 ], "texture": "#voxel_palette" }
			}
		},
		{
			"__comment": "Voxels-222222",
			"from": [ 6.6667, 13.3333, 8.666699 ],
			"to": [ 7.333366, 13.99997, 9.333366 ],
			"faces": {
				"down": { "uv": [ 14.24, 15.24, 14.76, 15.76 ], "texture": "#voxel_palette" },
				"up": { "uv": [ 14.24, 15.24, 14.76, 15.76 ], "texture": "#voxel_palette" },
				"north": { "uv": [ 14.24, 15.24, 14.76, 15.76 ], "texture": "#voxel_palette" },
				"south": { "uv": [ 14.24, 15.24, 14.76, 15.76 ], "texture": "#voxel_palette" },
				"west": { "uv": [ 14.24, 15.24, 14.76, 15.76 ], "texture": "#voxel_palette" },
				"east": { "uv": [ 14.24, 15.24, 14.76, 15.76 ], "texture": "#voxel_palette" }
			}
		},
		{
			"__comment": "Voxels-111111",
			"from": [ 7.3333, 5.3333, 4.6667 ],
			"to": [ 7.999966, 5.999966, 5.333366 ],
			"faces": {
				"down": { "uv": [ 15.24, 15.24, 15.76, 15.76 ], "texture": "#voxel_palette" },
				"up": { "uv": [ 15.24, 15.24, 15.76, 15.76 ], "texture": "#voxel_palette" },
				"north": { "uv": [ 15.24, 15.24, 15.76, 15.76 ], "texture": "#voxel_palette" },
				"south": { "uv": [ 15.24, 15.24, 15.76, 15.76 ], "texture": "#voxel_palette" },
				"west": { "uv": [ 15.24, 15.24, 15.76, 15.76 ], "texture": "#voxel_palette" },
				"east": { "uv": [ 15.24, 15.24, 15.76, 15.76 ], "texture": "#voxel_palette" }
			}
		},
		{
			"__comment": "Voxels-E83015",
			"from": [ 7.3333, 5.3333, 6.6667 ],
			"to": [ 8.666633, 5.999966, 7.333366 ],
			"faces": {
				"down": { "uv": [ 6.24, 2.24, 6.76, 2.76 ], "texture": "#voxel_palette" },
				"up": { "uv": [ 6.24, 2.24, 6.76, 2.76 ], "texture": "#voxel_palette" },
				"north": { "uv": [ 6.24, 2.24, 6.76, 2.76 ], "texture": "#voxel_palette" },
				"south": { "uv": [ 6.24, 2.24, 6.76, 2.76 ], "texture": "#voxel_palette" },
				"west": { "uv": [ 6.24, 2.24, 6.76, 2.76 ], "texture": "#voxel_palette" },
				"east": { "uv": [ 6.24, 2.24, 6.76, 2.76 ], "texture": "#voxel_palette" }
			}
		},
		{
			"__comment": "Voxels-F05E1C",
			"from": [ 7.3333, 5.3333, 7.3333 ],
			"to": [ 7.999966, 5.999966, 7.999966 ],
			"faces": {
				"down": { "uv": [ 6.24, 3.24, 6.76, 3.76 ], "texture": "#voxel_palette" },
				"up": { "uv": [ 6.24, 3.24, 6.76, 3.76 ], "texture": "#voxel_palette" },
				"north": { "uv": [ 6.24, 3.24, 6.76, 3.76 ], "texture": "#voxel_palette" },
				"south": { "uv": [ 6.24, 3.24, 6.76, 3.76 ], "texture": "#voxel_palette" },
				"west": { "uv": [ 6.24, 3.24, 6.76, 3.76 ], "texture": "#voxel_palette" },
				"east": { "uv": [ 6.24, 3.24, 6.76, 3.76 ], "texture": "#voxel_palette" }
			}
		},
		{
			"__comment": "Voxels-E83015",
			"from": [ 7.3333, 6, 6.6667 ],
			"to": [ 7.999966, 6.666667, 7.333366 ],
			"faces": {
				"down": { "uv": [ 6.24, 2.24, 6.76, 2.76 ], "texture": "#voxel_palette" },
				"up": { "uv": [ 6.24, 2.24, 6.76, 2.76 ], "texture": "#voxel_palette" },
				"north": { "uv": [ 6.24, 2.24, 6.76, 2.76 ], "texture": "#voxel_palette" },
				"south": { "uv": [ 6.24, 2.24, 6.76, 2.76 ], "texture": "#voxel_palette" },
				"west": { "uv": [ 6.24, 2.24, 6.76, 2.76 ], "texture": "#voxel_palette" },
				"east": { "uv": [ 6.24, 2.24, 6.76, 2.76 ], "texture": "#voxel_palette" }
			}
		},
		{
			"__comment": "Voxels-111111",
			"from": [ 8.666699, 5.3333, 2 ],
			"to": [ 9.333366, 5.999966, 2.666667 ],
			"faces": {
				"down": { "uv": [ 15.24, 15.24, 15.76, 15.76 ], "texture": "#voxel_palette" },
				"up": { "uv": [ 15.24, 15.24, 15.76, 15.76 ], "texture": "#voxel_palette" },
				"north": { "uv": [ 15.24, 15.24, 15.76, 15.76 ], "texture": "#voxel_palette" },
				"south": { "uv": [ 15.24, 15.24, 15.76, 15.76 ], "texture": "#voxel_palette" },
				"west": { "uv": [ 15.24, 15.24, 15.76, 15.76 ], "texture": "#voxel_palette" },
				"east": { "uv": [ 15.24, 15.24, 15.76, 15.76 ], "texture": "#voxel_palette" }
			}
		},
		{
			"__comment": "Voxels-111111",
			"from": [ 8.666699, 5.3333, 8 ],
			"to": [ 9.333366, 5.999966, 8.666667 ],
			"faces": {
				"down": { "uv": [ 15.24, 15.24, 15.76, 15.76 ], "texture": "#voxel_palette" },
				"up": { "uv": [ 15.24, 15.24, 15.76, 15.76 ], "texture": "#voxel_palette" },
				"north": { "uv": [ 15.24, 15.24, 15.76, 15.76 ], "texture": "#voxel_palette" },
				"south": { "uv": [ 15.24, 15.24, 15.76, 15.76 ], "texture": "#voxel_palette" },
				"west": { "uv": [ 15.24, 15.24, 15.76, 15.76 ], "texture": "#voxel_palette" },
				"east": { "uv": [ 15.24, 15.24, 15.76, 15.76 ], "texture": "#voxel_palette" }
			}
		},
		{
			"__comment": "Voxels-EEEEEE",
			"from": [ 8.666699, 6, 2 ],
			"to": [ 10.00003, 6.666667, 8.666667 ],
			"faces": {
				"down": { "uv": [ 6.24, 15.24, 6.76, 15.76 ], "texture": "#voxel_palette" },
				"up": { "uv": [ 6.24, 15.24, 6.76, 15.76 ], "texture": "#voxel_palette" },
				"north": { "uv": [ 6.24, 15.24, 6.76, 15.76 ], "texture": "#voxel_palette" },
				"south": { "uv": [ 6.24, 15.24, 6.76, 15.76 ], "texture": "#voxel_palette" },
				"west": { "uv": [ 6.24, 15.24, 6.76, 15.76 ], "texture": "#voxel_palette" },
				"east": { "uv": [ 6.24, 15.24, 6.76, 15.76 ], "texture": "#voxel_palette" }
			}
		},
		{
			"__comment": "Voxels-555555",
			"from": [ 8.666699, 10, 2 ],
			"to": [ 10.00003, 12, 7.333333 ],
			"faces": {
				"down": { "uv": [ 12.24, 15.24, 12.76, 15.76 ], "texture": "#voxel_palette" },
				"up": { "uv": [ 12.24, 15.24, 12.76, 15.76 ], "texture": "#voxel_palette" },
				"north": { "uv": [ 12.24, 15.24, 12.76, 15.76 ], "texture": "#voxel_palette" },
				"south": { "uv": [ 12.24, 15.24, 12.76, 15.76 ], "texture": "#voxel_palette" },
				"west": { "uv": [ 12.24, 15.24, 12.76, 15.76 ], "texture": "#voxel_palette" },
				"east": { "uv": [ 12.24, 15.24, 12.76, 15.76 ], "texture": "#voxel_palette" }
			}
		},
		{
			"__comment": "Voxels-555555",
			"from": [ 8.666699, 10, 7.3333 ],
			"to": [ 9.333366, 12, 7.999966 ],
			"faces": {
				"down": { "uv": [ 12.24, 15.24, 12.76, 15.76 ], "texture": "#voxel_palette" },
				"up": { "uv": [ 12.24, 15.24, 12.76, 15.76 ], "texture": "#voxel_palette" },
				"north": { "uv": [ 12.24, 15.24, 12.76, 15.76 ], "texture": "#voxel_palette" },
				"south": { "uv": [ 12.24, 15.24, 12.76, 15.76 ], "texture": "#voxel_palette" },
				"west": { "uv": [ 12.24, 15.24, 12.76, 15.76 ], "texture": "#voxel_palette" },
				"east": { "uv": [ 12.24, 15.24, 12.76, 15.76 ], "texture": "#voxel_palette" }
			}
		},
		{
			"__comment": "Voxels-EEEEEE",
			"from": [ 8.666699, 12, 2 ],
			"to": [ 10.00003, 12.66667, 8.666667 ],
			"faces": {
				"down": { "uv": [ 6.24, 15.24, 6.76, 15.76 ], "texture": "#voxel_palette" },
				"up": { "uv": [ 6.24, 15.24, 6.76, 15.76 ], "texture": "#voxel_palette" },
				"north": { "uv": [ 6.24, 15.24, 6.76, 15.76 ], "texture": "#voxel_palette" },
				"south": { "uv": [ 6.24, 15.24, 6.76, 15.76 ], "texture": "#voxel_palette" },
				"west": { "uv": [ 6.24, 15.24, 6.76, 15.76 ], "texture": "#voxel_palette" },
				"east": { "uv": [ 6.24, 15.24, 6.76, 15.76 ], "texture": "#voxel_palette" }
			}
		},
		{
			"__comment": "Voxels-444444",
			"from": [ 9.3333, 0, 0 ],
			"to": [ 10.66663, 0.6666667, 1.333333 ],
			"faces": {
				"down": { "uv": [ 13.24, 15.24, 13.76, 15.76 ], "texture": "#voxel_palette" },
				"up": { "uv": [ 13.24, 15.24, 13.76, 15.76 ], "texture": "#voxel_palette" },
				"north": { "uv": [ 13.24, 15.24, 13.76, 15.76 ], "texture": "#voxel_palette" },
				"south": { "uv": [ 13.24, 15.24, 13.76, 15.76 ], "texture": "#voxel_palette" },
				"west": { "uv": [ 13.24, 15.24, 13.76, 15.76 ], "texture": "#voxel_palette" },
				"east": { "uv": [ 13.24, 15.24, 13.76, 15.76 ], "texture": "#voxel_palette" }
			}
		},
		{
			"__comment": "Voxels-444444",
			"from": [ 9.3333, 0, 8 ],
			"to": [ 10.66663, 0.6666667, 9.333333 ],
			"faces": {
				"down": { "uv": [ 13.24, 15.24, 13.76, 15.76 ], "texture": "#voxel_palette" },
				"up": { "uv": [ 13.24, 15.24, 13.76, 15.76 ], "texture": "#voxel_palette" },
				"north": { "uv": [ 13.24, 15.24, 13.76, 15.76 ], "texture": "#voxel_palette" },
				"south": { "uv": [ 13.24, 15.24, 13.76, 15.76 ], "texture": "#voxel_palette" },
				"west": { "uv": [ 13.24, 15.24, 13.76, 15.76 ], "texture": "#voxel_palette" },
				"east": { "uv": [ 13.24, 15.24, 13.76, 15.76 ], "texture": "#voxel_palette" }
			}
		},
		{
			"__comment": "Voxels-7DB9DE",
			"from": [ 9.3333, 0.6667, 1.3333 ],
			"to": [ 10.66663, 1.333367, 7.999967 ],
			"faces": {
				"down": { "uv": [ 0.24, 12.24, 0.76, 12.76 ], "texture": "#voxel_palette" },
				"up": { "uv": [ 0.24, 12.24, 0.76, 12.76 ], "texture": "#voxel_palette" },
				"north": { "uv": [ 0.24, 12.24, 0.76, 12.76 ], "texture": "#voxel_palette" },
				"south": { "uv": [ 0.24, 12.24, 0.76, 12.76 ], "texture": "#voxel_palette" },
				"west": { "uv": [ 0.24, 12.24, 0.76, 12.76 ], "texture": "#voxel_palette" },
				"east": { "uv": [ 0.24, 12.24, 0.76, 12.76 ], "texture": "#voxel_palette" }
			}
		},
		{
			"__comment": "Voxels-7DB9DE",
			"from": [ 9.3333, 1.3333, 0 ],
			"to": [ 10.66663, 2.666633, 1.333333 ],
			"faces": {
				"down": { "uv": [ 0.24, 12.24, 0.76, 12.76 ], "texture": "#voxel_palette" },
				"up": { "uv": [ 0.24, 12.24, 0.76, 12.76 ], "texture": "#voxel_palette" },
				"north": { "uv": [ 0.24, 12.24, 0.76, 12.76 ], "texture": "#voxel_palette" },
				"south": { "uv": [ 0.24, 12.24, 0.76, 12.76 ], "texture": "#voxel_palette" },
				"west": { "uv": [ 0.24, 12.24, 0.76, 12.76 ], "texture": "#voxel_palette" },
				"east": { "uv": [ 0.24, 12.24, 0.76, 12.76 ], "texture": "#voxel_palette" }
			}
		},
		{
			"__comment": "Voxels-7DB9DE",
			"from": [ 9.3333, 1.3333, 8 ],
			"to": [ 10.66663, 2.666633, 9.333333 ],
			"faces": {
				"down": { "uv": [ 0.24, 12.24, 0.76, 12.76 ], "texture": "#voxel_palette" },
				"up": { "uv": [ 0.24, 12.24, 0.76, 12.76 ], "texture": "#voxel_palette" },
				"north": { "uv": [ 0.24, 12.24, 0.76, 12.76 ], "texture": "#voxel_palette" },
				"south": { "uv": [ 0.24, 12.24, 0.76, 12.76 ], "texture": "#voxel_palette" },
				"west": { "uv": [ 0.24, 12.24, 0.76, 12.76 ], "texture": "#voxel_palette" },
				"east": { "uv": [ 0.24, 12.24, 0.76, 12.76 ], "texture": "#voxel_palette" }
			}
		},
		{
			"__comment": "Voxels-707C74",
			"from": [ 9.3333, 2.6667, 0 ],
			"to": [ 10.66663, 3.333367, 0.6666667 ],
			"faces": {
				"down": { "uv": [ 15.24, 14.24, 15.76, 14.76 ], "texture": "#voxel_palette" },
				"up": { "uv": [ 15.24, 14.24, 15.76, 14.76 ], "texture": "#voxel_palette" },
				"north": { "uv": [ 15.24, 14.24, 15.76, 14.76 ], "texture": "#voxel_palette" },
				"south": { "uv": [ 15.24, 14.24, 15.76, 14.76 ], "texture": "#voxel_palette" },
				"west": { "uv": [ 15.24, 14.24, 15.76, 14.76 ], "texture": "#voxel_palette" },
				"east": { "uv": [ 15.24, 14.24, 15.76, 14.76 ], "texture": "#voxel_palette" }
			}
		},
		{
			"__comment": "Voxels-7DB9DE",
			"from": [ 9.3333, 2.6667, 0.6667 ],
			"to": [ 9.999967, 3.333367, 1.333367 ],
			"faces": {
				"down": { "uv": [ 0.24, 12.24, 0.76, 12.76 ], "texture": "#voxel_palette" },
				"up": { "uv": [ 0.24, 12.24, 0.76, 12.76 ], "texture": "#voxel_palette" },
				"north": { "uv": [ 0.24, 12.24, 0.76, 12.76 ], "texture": "#voxel_palette" },
				"south": { "uv": [ 0.24, 12.24, 0.76, 12.76 ], "texture": "#voxel_palette" },
				"west": { "uv": [ 0.24, 12.24, 0.76, 12.76 ], "texture": "#voxel_palette" },
				"east": { "uv": [ 0.24, 12.24, 0.76, 12.76 ], "texture": "#voxel_palette" }
			}
		},
		{
			"__comment": "Voxels-7DB9DE",
			"from": [ 9.3333, 2.6667, 8 ],
			"to": [ 9.999967, 3.333367, 8.666667 ],
			"faces": {
				"down": { "uv": [ 0.24, 12.24, 0.76, 12.76 ], "texture": "#voxel_palette" },
				"up": { "uv": [ 0.24, 12.24, 0.76, 12.76 ], "texture": "#voxel_palette" },
				"north": { "uv": [ 0.24, 12.24, 0.76, 12.76 ], "texture": "#voxel_palette" },
				"south": { "uv": [ 0.24, 12.24, 0.76, 12.76 ], "texture": "#voxel_palette" },
				"west": { "uv": [ 0.24, 12.24, 0.76, 12.76 ], "texture": "#voxel_palette" },
				"east": { "uv": [ 0.24, 12.24, 0.76, 12.76 ], "texture": "#voxel_palette" }
			}
		},
		{
			"__comment": "Voxels-707C74",
			"from": [ 9.3333, 2.6667, 8.666699 ],
			"to": [ 10.66663, 3.333367, 9.333366 ],
			"faces": {
				"down": { "uv": [ 15.24, 14.24, 15.76, 14.76 ], "texture": "#voxel_palette" },
				"up": { "uv": [ 15.24, 14.24, 15.76, 14.76 ], "texture": "#voxel_palette" },
				"north": { "uv": [ 15.24, 14.24, 15.76, 14.76 ], "texture": "#voxel_palette" },
				"south": { "uv": [ 15.24, 14.24, 15.76, 14.76 ], "texture": "#voxel_palette" },
				"west": { "uv": [ 15.24, 14.24, 15.76, 14.76 ], "texture": "#voxel_palette" },
				"east": { "uv": [ 15.24, 14.24, 15.76, 14.76 ], "texture": "#voxel_palette" }
			}
		},
		{
			"__comment": "Voxels-EEEEEE",
			"from": [ 9.3333, 5.3333, 1.3333 ],
			"to": [ 9.999967, 5.999966, 9.3333 ],
			"faces": {
				"down": { "uv": [ 6.24, 15.24, 6.76, 15.76 ], "texture": "#voxel_palette" },
				"up": { "uv": [ 6.24, 15.24, 6.76, 15.76 ], "texture": "#voxel_palette" },
				"north": { "uv": [ 6.24, 15.24, 6.76, 15.76 ], "texture": "#voxel_palette" },
				"south": { "uv": [ 6.24, 15.24, 6.76, 15.76 ], "texture": "#voxel_palette" },
				"west": { "uv": [ 6.24, 15.24, 6.76, 15.76 ], "texture": "#voxel_palette" },
				"east": { "uv": [ 6.24, 15.24, 6.76, 15.76 ], "texture": "#voxel_palette" }
			}
		},
		{
			"__comment": "Voxels-EEEEEE",
			"from": [ 9.3333, 6, 8.666699 ],
			"to": [ 9.999967, 7.333333, 9.333366 ],
			"faces": {
				"down": { "uv": [ 6.24, 15.24, 6.76, 15.76 ], "texture": "#voxel_palette" },
				"up": { "uv": [ 6.24, 15.24, 6.76, 15.76 ], "texture": "#voxel_palette" },
				"north": { "uv": [ 6.24, 15.24, 6.76, 15.76 ], "texture": "#voxel_palette" },
				"south": { "uv": [ 6.24, 15.24, 6.76, 15.76 ], "texture": "#voxel_palette" },
				"west": { "uv": [ 6.24, 15.24, 6.76, 15.76 ], "texture": "#voxel_palette" },
				"east": { "uv": [ 6.24, 15.24, 6.76, 15.76 ], "texture": "#voxel_palette" }
			}
		},
		{
			"__comment": "Voxels-EEEEEE",
			"from": [ 9.3333, 6.6667, 1.3333 ],
			"to": [ 9.999967, 7.333366, 8.666634 ],
			"faces": {
				"down": { "uv": [ 6.24, 15.24, 6.76, 15.76 ], "texture": "#voxel_palette" },
				"up": { "uv": [ 6.24, 15.24, 6.76, 15.76 ], "texture": "#voxel_palette" },
				"north": { "uv": [ 6.24, 15.24, 6.76, 15.76 ], "texture": "#voxel_palette" },
				"south": { "uv": [ 6.24, 15.24, 6.76, 15.76 ], "texture": "#voxel_palette" },
				"west": { "uv": [ 6.24, 15.24, 6.76, 15.76 ], "texture": "#voxel_palette" },
				"east": { "uv": [ 6.24, 15.24, 6.76, 15.76 ], "texture": "#voxel_palette" }
			}
		},
		{
			"__comment": "Voxels-EEEEEE",
			"from": [ 9.3333, 9.3333, 1.3333 ],
			"to": [ 9.999967, 11.99997, 1.999967 ],
			"faces": {
				"down": { "uv": [ 6.24, 15.24, 6.76, 15.76 ], "texture": "#voxel_palette" },
				"up": { "uv": [ 6.24, 15.24, 6.76, 15.76 ], "texture": "#voxel_palette" },
				"north": { "uv": [ 6.24, 15.24, 6.76, 15.76 ], "texture": "#voxel_palette" },
				"south": { "uv": [ 6.24, 15.24, 6.76, 15.76 ], "texture": "#voxel_palette" },
				"west": { "uv": [ 6.24, 15.24, 6.76, 15.76 ], "texture": "#voxel_palette" },
				"east": { "uv": [ 6.24, 15.24, 6.76, 15.76 ], "texture": "#voxel_palette" }
			}
		},
		{
			"__comment": "Voxels-EEEEEE",
			"from": [ 9.3333, 9.3333, 2 ],
			"to": [ 9.999967, 9.999967, 9.333334 ],
			"faces": {
				"down": { "uv": [ 6.24, 15.24, 6.76, 15.76 ], "texture": "#voxel_palette" },
				"up": { "uv": [ 6.24, 15.24, 6.76, 15.76 ], "texture": "#voxel_palette" },
				"north": { "uv": [ 6.24, 15.24, 6.76, 15.76 ], "texture": "#voxel_palette" },
				"south": { "uv": [ 6.24, 15.24, 6.76, 15.76 ], "texture": "#voxel_palette" },
				"west": { "uv": [ 6.24, 15.24, 6.76, 15.76 ], "texture": "#voxel_palette" },
				"east": { "uv": [ 6.24, 15.24, 6.76, 15.76 ], "texture": "#voxel_palette" }
			}
		},
		{
			"__comment": "Voxels-EEEEEE",
			"from": [ 9.3333, 10, 7.3333 ],
			"to": [ 9.999967, 12, 7.999966 ],
			"faces": {
				"down": { "uv": [ 6.24, 15.24, 6.76, 15.76 ], "texture": "#voxel_palette" },
				"up": { "uv": [ 6.24, 15.24, 6.76, 15.76 ], "texture": "#voxel_palette" },
				"north": { "uv": [ 6.24, 15.24, 6.76, 15.76 ], "texture": "#voxel_palette" },
				"south": { "uv": [ 6.24, 15.24, 6.76, 15.76 ], "texture": "#voxel_palette" },
				"west": { "uv": [ 6.24, 15.24, 6.76, 15.76 ], "texture": "#voxel_palette" },
				"east": { "uv": [ 6.24, 15.24, 6.76, 15.76 ], "texture": "#voxel_palette" }
			}
		},
		{
			"__comment": "Voxels-EEEEEE",
			"from": [ 9.3333, 10, 8.666699 ],
			"to": [ 9.999967, 14.66667, 9.333366 ],
			"faces": {
				"down": { "uv": [ 6.24, 15.24, 6.76, 15.76 ], "texture": "#voxel_palette" },
				"up": { "uv": [ 6.24, 15.24, 6.76, 15.76 ], "texture": "#voxel_palette" },
				"north": { "uv": [ 6.24, 15.24, 6.76, 15.76 ], "texture": "#voxel_palette" },
				"south": { "uv": [ 6.24, 15.24, 6.76, 15.76 ], "texture": "#voxel_palette" },
				"west": { "uv": [ 6.24, 15.24, 6.76, 15.76 ], "texture": "#voxel_palette" },
				"east": { "uv": [ 6.24, 15.24, 6.76, 15.76 ], "texture": "#voxel_palette" }
			}
		},
		{
			"__comment": "Voxels-EEEEEE",
			"from": [ 9.3333, 12.6667, 1.3333 ],
			"to": [ 9.999967, 14.6667, 8.666634 ],
			"faces": {
				"down": { "uv": [ 6.24, 15.24, 6.76, 15.76 ], "texture": "#voxel_palette" },
				"up": { "uv": [ 6.24, 15.24, 6.76, 15.76 ], "texture": "#voxel_palette" },
				"north": { "uv": [ 6.24, 15.24, 6.76, 15.76 ], "texture": "#voxel_palette" },
				"south": { "uv": [ 6.24, 15.24, 6.76, 15.76 ], "texture": "#voxel_palette" },
				"west": { "uv": [ 6.24, 15.24, 6.76, 15.76 ], "texture": "#voxel_palette" },
				"east": { "uv": [ 6.24, 15.24, 6.76, 15.76 ], "texture": "#voxel_palette" }
			}
		},
		{
			"__comment": "Voxels-707C74",
			"from": [ 10, 2.6667, 0.6667 ],
			"to": [ 10.66667, 3.333367, 1.333367 ],
			"faces": {
				"down": { "uv": [ 15.24, 14.24, 15.76, 14.76 ], "texture": "#voxel_palette" },
				"up": { "uv": [ 15.24, 14.24, 15.76, 14.76 ], "texture": "#voxel_palette" },
				"north": { "uv": [ 15.24, 14.24, 15.76, 14.76 ], "texture": "#voxel_palette" },
				"south": { "uv": [ 15.24, 14.24, 15.76, 14.76 ], "texture": "#voxel_palette" },
				"west": { "uv": [ 15.24, 14.24, 15.76, 14.76 ], "texture": "#voxel_palette" },
				"east": { "uv": [ 15.24, 14.24, 15.76, 14.76 ], "texture": "#voxel_palette" }
			}
		},
		{
			"__comment": "Voxels-707C74",
			"from": [ 10, 2.6667, 8 ],
			"to": [ 10.66667, 3.333367, 8.666667 ],
			"faces": {
				"down": { "uv": [ 15.24, 14.24, 15.76, 14.76 ], "texture": "#voxel_palette" },
				"up": { "uv": [ 15.24, 14.24, 15.76, 14.76 ], "texture": "#voxel_palette" },
				"north": { "uv": [ 15.24, 14.24, 15.76, 14.76 ], "texture": "#voxel_palette" },
				"south": { "uv": [ 15.24, 14.24, 15.76, 14.76 ], "texture": "#voxel_palette" },
				"west": { "uv": [ 15.24, 14.24, 15.76, 14.76 ], "texture": "#voxel_palette" },
				"east": { "uv": [ 15.24, 14.24, 15.76, 14.76 ], "texture": "#voxel_palette" }
			}
		},
		{
			"__comment": "Voxels-707C74",
			"from": [ 10, 3.3333, 0 ],
			"to": [ 10.66667, 3.999967, 0.6666667 ],
			"faces": {
				"down": { "uv": [ 15.24, 14.24, 15.76, 14.76 ], "texture": "#voxel_palette" },
				"up": { "uv": [ 15.24, 14.24, 15.76, 14.76 ], "texture": "#voxel_palette" },
				"north": { "uv": [ 15.24, 14.24, 15.76, 14.76 ], "texture": "#voxel_palette" },
				"south": { "uv": [ 15.24, 14.24, 15.76, 14.76 ], "texture": "#voxel_palette" },
				"west": { "uv": [ 15.24, 14.24, 15.76, 14.76 ], "texture": "#voxel_palette" },
				"east": { "uv": [ 15.24, 14.24, 15.76, 14.76 ], "texture": "#voxel_palette" }
			}
		},
		{
			"__comment": "Voxels-707C74",
			"from": [ 10, 3.3333, 8.666699 ],
			"to": [ 10.66667, 3.999967, 9.333366 ],
			"faces": {
				"down": { "uv": [ 15.24, 14.24, 15.76, 14.76 ], "texture": "#voxel_palette" },
				"up": { "uv": [ 15.24, 14.24, 15.76, 14.76 ], "texture": "#voxel_palette" },
				"north": { "uv": [ 15.24, 14.24, 15.76, 14.76 ], "texture": "#voxel_palette" },
				"south": { "uv": [ 15.24, 14.24, 15.76, 14.76 ], "texture": "#voxel_palette" },
				"west": { "uv": [ 15.24, 14.24, 15.76, 14.76 ], "texture": "#voxel_palette" },
				"east": { "uv": [ 15.24, 14.24, 15.76, 14.76 ], "texture": "#voxel_palette" }
			}
		},
		{
			"__comment": "Voxels-7DB9DE",
			"from": [ 10, 4.6667, 1.3333 ],
			"to": [ 10.66667, 8.000033, 9.3333 ],
			"faces": {
				"down": { "uv": [ 0.24, 12.24, 0.76, 12.76 ], "texture": "#voxel_palette" },
				"up": { "uv": [ 0.24, 12.24, 0.76, 12.76 ], "texture": "#voxel_palette" },
				"north": { "uv": [ 0.24, 12.24, 0.76, 12.76 ], "texture": "#voxel_palette" },
				"south": { "uv": [ 0.24, 12.24, 0.76, 12.76 ], "texture": "#voxel_palette" },
				"west": { "uv": [ 0.24, 12.24, 0.76, 12.76 ], "texture": "#voxel_palette" },
				"east": { "uv": [ 0.24, 12.24, 0.76, 12.76 ], "texture": "#voxel_palette" }
			}
		},
		{
			"__comment": "Voxels-7DB9DE",
			"from": [ 10, 5.3333, 0.6667 ],
			"to": [ 10.66667, 7.999967, 1.333367 ],
			"faces": {
				"down": { "uv": [ 0.24, 12.24, 0.76, 12.76 ], "texture": "#voxel_palette" },
				"up": { "uv": [ 0.24, 12.24, 0.76, 12.76 ], "texture": "#voxel_palette" },
				"north": { "uv": [ 0.24, 12.24, 0.76, 12.76 ], "texture": "#voxel_palette" },
				"south": { "uv": [ 0.24, 12.24, 0.76, 12.76 ], "texture": "#voxel_palette" },
				"west": { "uv": [ 0.24, 12.24, 0.76, 12.76 ], "texture": "#voxel_palette" },
				"east": { "uv": [ 0.24, 12.24, 0.76, 12.76 ], "texture": "#voxel_palette" }
			}
		},
		{
			"__comment": "Voxels-7DB9DE",
			"from": [ 10, 8.666699, 0.6667 ],
			"to": [ 10.66667, 15.33337, 9.333367 ],
			"faces": {
				"down": { "uv": [ 0.24, 12.24, 0.76, 12.76 ], "texture": "#voxel_palette" },
				"up": { "uv": [ 0.24, 12.24, 0.76, 12.76 ], "texture": "#voxel_palette" },
				"north": { "uv": [ 0.24, 12.24, 0.76, 12.76 ], "texture": "#voxel_palette" },
				"south": { "uv": [ 0.24, 12.24, 0.76, 12.76 ], "texture": "#voxel_palette" },
				"west": { "uv": [ 0.24, 12.24, 0.76, 12.76 ], "texture": "#voxel_palette" },
				"east": { "uv": [ 0.24, 12.24, 0.76, 12.76 ], "texture": "#voxel_palette" }
			}
		}
	],
	"display": {
		"head": {
			"translation":  [ 0, 5.0086, 0 ],
			"scale":  [ 1.58, 1.58, 1.58 ]
		}
	}
}