{
	"__comment": "Designed by Musicalcreeper01 with Cubik Studio - https://cubik.studio",
	"textures": {
		"texture": "items/voxel_palette",
		"voxel_palette": "items/voxel_palette"
	},
	"elements": [
		{
			"__comment": "Voxels-222222",
			"from": [ 0, 0, 0 ],
			"to": [ 2, 2, 1 ],
			"faces": {
				"down": { "uv": [ 14.24, 15.24, 14.76, 15.76 ], "texture": "#voxel_palette" },
				"up": { "uv": [ 14.24, 15.24, 14.76, 15.76 ], "texture": "#voxel_palette" },
				"north": { "uv": [ 14.24, 15.24, 14.76, 15.76 ], "texture": "#voxel_palette" },
				"south": { "uv": [ 14.24, 15.24, 14.76, 15.76 ], "texture": "#voxel_palette" },
				"west": { "uv": [ 14.24, 15.24, 14.76, 15.76 ], "texture": "#voxel_palette" },
				"east": { "uv": [ 14.24, 15.24, 14.76, 15.76 ], "texture": "#voxel_palette" }
			}
		},
		{
			"__comment": "Voxels-777777",
			"from": [ 0, 0, 1 ],
			"to": [ 2, 2, 15 ],
			"faces": {
				"down": { "uv": [ 11.24, 15.24, 11.76, 15.76 ], "texture": "#voxel_palette" },
				"up": { "uv": [ 11.24, 15.24, 11.76, 15.76 ], "texture": "#voxel_palette" },
				"north": { "uv": [ 11.24, 15.24, 11.76, 15.76 ], "texture": "#voxel_palette" },
				"south": { "uv": [ 11.24, 15.24, 11.76, 15.76 ], "texture": "#voxel_palette" },
				"west": { "uv": [ 11.24, 15.24, 11.76, 15.76 ], "texture": "#voxel_palette" },
				"east": { "uv": [ 11.24, 15.24, 11.76, 15.76 ], "texture": "#voxel_palette" }
			}
		},
		{
			"__comment": "Voxels-222222",
			"from": [ 0, 0, 15 ],
			"to": [ 2, 2, 16 ],
			"faces": {
				"down": { "uv": [ 14.24, 15.24, 14.76, 15.76 ], "texture": "#voxel_palette" },
				"up": { "uv": [ 14.24, 15.24, 14.76, 15.76 ], "texture": "#voxel_palette" },
				"north": { "uv": [ 14.24, 15.24, 14.76, 15.76 ], "texture": "#voxel_palette" },
				"south": { "uv": [ 14.24, 15.24, 14.76, 15.76 ], "texture": "#voxel_palette" },
				"west": { "uv": [ 14.24, 15.24, 14.76, 15.76 ], "texture": "#voxel_palette" },
				"east": { "uv": [ 14.24, 15.24, 14.76, 15.76 ], "texture": "#voxel_palette" }
			}
		},
		{
			"__comment": "Voxels-777777",
			"from": [ 0, 2, 7 ],
			"to": [ 2, 10, 9 ],
			"faces": {
				"down": { "uv": [ 11.24, 15.24, 11.76, 15.76 ], "texture": "#voxel_palette" },
				"up": { "uv": [ 11.24, 15.24, 11.76, 15.76 ], "texture": "#voxel_palette" },
				"north": { "uv": [ 11.24, 15.24, 11.76, 15.76 ], "texture": "#voxel_palette" },
				"south": { "uv": [ 11.24, 15.24, 11.76, 15.76 ], "texture": "#voxel_palette" },
				"west": { "uv": [ 11.24, 15.24, 11.76, 15.76 ], "texture": "#voxel_palette" },
				"east": { "uv": [ 11.24, 15.24, 11.76, 15.76 ], "texture": "#voxel_palette" }
			}
		},
		{
			"__comment": "Voxels-555555",
			"from": [ 0, 10, 3 ],
			"to": [ 16, 11, 13 ],
			"faces": {
				"down": { "uv": [ 12.24, 15.24, 12.76, 15.76 ], "texture": "#voxel_palette" },
				"up": { "uv": [ 12.24, 15.24, 12.76, 15.76 ], "texture": "#voxel_palette" },
				"north": { "uv": [ 12.24, 15.24, 12.76, 15.76 ], "texture": "#voxel_palette" },
				"south": { "uv": [ 12.24, 15.24, 12.76, 15.76 ], "texture": "#voxel_palette" },
				"west": { "uv": [ 12.24, 15.24, 12.76, 15.76 ], "texture": "#voxel_palette" },
				"east": { "uv": [ 12.24, 15.24, 12.76, 15.76 ], "texture": "#voxel_palette" }
			}
		},
		{
			"__comment": "Voxels-777777",
			"from": [ 2, 3, 7 ],
			"to": [ 16, 4, 9 ],
			"faces": {
				"down": { "uv": [ 11.24, 15.24, 11.76, 15.76 ], "texture": "#voxel_palette" },
				"up": { "uv": [ 11.24, 15.24, 11.76, 15.76 ], "texture": "#voxel_palette" },
				"north": { "uv": [ 11.24, 15.24, 11.76, 15.76 ], "texture": "#voxel_palette" },
				"south": { "uv": [ 11.24, 15.24, 11.76, 15.76 ], "texture": "#voxel_palette" },
				"west": { "uv": [ 11.24, 15.24, 11.76, 15.76 ], "texture": "#voxel_palette" },
				"east": { "uv": [ 11.24, 15.24, 11.76, 15.76 ], "texture": "#voxel_palette" }
			}
		},
		{
			"__comment": "Voxels-DDDDDD",
			"from": [ 7, 13, 7 ],
			"to": [ 14, 15, 8 ],
			"faces": {
				"down": { "uv": [ 7.24, 15.24, 7.76, 15.76 ], "texture": "#voxel_palette" },
				"up": { "uv": [ 7.24, 15.24, 7.76, 15.76 ], "texture": "#voxel_palette" },
				"north": { "uv": [ 7.24, 15.24, 7.76, 15.76 ], "texture": "#voxel_palette" },
				"south": { "uv": [ 7.24, 15.24, 7.76, 15.76 ], "texture": "#voxel_palette" },
				"west": { "uv": [ 7.24, 15.24, 7.76, 15.76 ], "texture": "#voxel_palette" },
				"east": { "uv": [ 7.24, 15.24, 7.76, 15.76 ], "texture": "#voxel_palette" }
			}
		},
		{
			"__comment": "Voxels-787D7B",
			"from": [ 8, 11, 7 ],
			"to": [ 9, 13, 8 ],
			"faces": {
				"down": { "uv": [ 14.24, 14.24, 14.76, 14.76 ], "texture": "#voxel_palette" },
				"up": { "uv": [ 14.24, 14.24, 14.76, 14.76 ], "texture": "#voxel_palette" },
				"north": { "uv": [ 14.24, 14.24, 14.76, 14.76 ], "texture": "#voxel_palette" },
				"south": { "uv": [ 14.24, 14.24, 14.76, 14.76 ], "texture": "#voxel_palette" },
				"west": { "uv": [ 14.24, 14.24, 14.76, 14.76 ], "texture": "#voxel_palette" },
				"east": { "uv": [ 14.24, 14.24, 14.76, 14.76 ], "texture": "#voxel_palette" }
			}
		},
		{
			"__comment": "Voxels-DDDDDD",
			"from": [ 8, 13, 6 ],
			"to": [ 14, 14, 7 ],
			"faces": {
				"down": { "uv": [ 7.24, 15.24, 7.76, 15.76 ], "texture": "#voxel_palette" },
				"up": { "uv": [ 7.24, 15.24, 7.76, 15.76 ], "texture": "#voxel_palette" },
				"north": { "uv": [ 7.24, 15.24, 7.76, 15.76 ], "texture": "#voxel_palette" },
				"south": { "uv": [ 7.24, 15.24, 7.76, 15.76 ], "texture": "#voxel_palette" },
				"west": { "uv": [ 7.24, 15.24, 7.76, 15.76 ], "texture": "#voxel_palette" },
				"east": { "uv": [ 7.24, 15.24, 7.76, 15.76 ], "texture": "#voxel_palette" }
			}
		},
		{
			"__comment": "Voxels-DDDDDD",
			"from": [ 8, 13, 8 ],
			"to": [ 14, 14, 9 ],
			"faces": {
				"down": { "uv": [ 7.24, 15.24, 7.76, 15.76 ], "texture": "#voxel_palette" },
				"up": { "uv": [ 7.24, 15.24, 7.76, 15.76 ], "texture": "#voxel_palette" },
				"north": { "uv": [ 7.24, 15.24, 7.76, 15.76 ], "texture": "#voxel_palette" },
				"south": { "uv": [ 7.24, 15.24, 7.76, 15.76 ], "texture": "#voxel_palette" },
				"west": { "uv": [ 7.24, 15.24, 7.76, 15.76 ], "texture": "#voxel_palette" },
				"east": { "uv": [ 7.24, 15.24, 7.76, 15.76 ], "texture": "#voxel_palette" }
			}
		},
		{
			"__comment": "Voxels-DDDDDD",
			"from": [ 8, 14, 6 ],
			"to": [ 13, 15, 7 ],
			"faces": {
				"down": { "uv": [ 7.24, 15.24, 7.76, 15.76 ], "texture": "#voxel_palette" },
				"up": { "uv": [ 7.24, 15.24, 7.76, 15.76 ], "texture": "#voxel_palette" },
				"north": { "uv": [ 7.24, 15.24, 7.76, 15.76 ], "texture": "#voxel_palette" },
				"south": { "uv": [ 7.24, 15.24, 7.76, 15.76 ], "texture": "#voxel_palette" },
				"west": { "uv": [ 7.24, 15.24, 7.76, 15.76 ], "texture": "#voxel_palette" },
				"east": { "uv": [ 7.24, 15.24, 7.76, 15.76 ], "texture": "#voxel_palette" }
			}
		},
		{
			"__comment": "Voxels-DDDDDD",
			"from": [ 8, 14, 8 ],
			"to": [ 13, 15, 9 ],
			"faces": {
				"down": { "uv": [ 7.24, 15.24, 7.76, 15.76 ], "texture": "#voxel_palette" },
				"up": { "uv": [ 7.24, 15.24, 7.76, 15.76 ], "texture": "#voxel_palette" },
				"north": { "uv": [ 7.24, 15.24, 7.76, 15.76 ], "texture": "#voxel_palette" },
				"south": { "uv": [ 7.24, 15.24, 7.76, 15.76 ], "texture": "#voxel_palette" },
				"west": { "uv": [ 7.24, 15.24, 7.76, 15.76 ], "texture": "#voxel_palette" },
				"east": { "uv": [ 7.24, 15.24, 7.76, 15.76 ], "texture": "#voxel_palette" }
			}
		},
		{
			"__comment": "Voxels-444444",
			"from": [ 10, 6, 6 ],
			"to": [ 14, 10, 9 ],
			"faces": {
				"down": { "uv": [ 13.24, 15.24, 13.76, 15.76 ], "texture": "#voxel_palette" },
				"up": { "uv": [ 13.24, 15.24, 13.76, 15.76 ], "texture": "#voxel_palette" },
				"north": { "uv": [ 13.24, 15.24, 13.76, 15.76 ], "texture": "#voxel_palette" },
				"south": { "uv": [ 13.24, 15.24, 13.76, 15.76 ], "texture": "#voxel_palette" },
				"west": { "uv": [ 13.24, 15.24, 13.76, 15.76 ], "texture": "#voxel_palette" },
				"east": { "uv": [ 13.24, 15.24, 13.76, 15.76 ], "texture": "#voxel_palette" }
			}
		},
		{
			"__comment": "Voxels-444444",
			"from": [ 10, 6, 9 ],
			"to": [ 14, 7, 10 ],
			"faces": {
				"down": { "uv": [ 13.24, 15.24, 13.76, 15.76 ], "texture": "#voxel_palette" },
				"up": { "uv": [ 13.24, 15.24, 13.76, 15.76 ], "texture": "#voxel_palette" },
				"north": { "uv": [ 13.24, 15.24, 13.76, 15.76 ], "texture": "#voxel_palette" },
				"south": { "uv": [ 13.24, 15.24, 13.76, 15.76 ], "texture": "#voxel_palette" },
				"west": { "uv": [ 13.24, 15.24, 13.76, 15.76 ], "texture": "#voxel_palette" },
				"east": { "uv": [ 13.24, 15.24, 13.76, 15.76 ], "texture": "#voxel_palette" }
			}
		},
		{
			"__comment": "Voxels-444444",
			"from": [ 10, 7, 9 ],
			"to": [ 12, 10, 10 ],
			"faces": {
				"down": { "uv": [ 13.24, 15.24, 13.76, 15.76 ], "texture": "#voxel_palette" },
				"up": { "uv": [ 13.24, 15.24, 13.76, 15.76 ], "texture": "#voxel_palette" },
				"north": { "uv": [ 13.24, 15.24, 13.76, 15.76 ], "texture": "#voxel_palette" },
				"south": { "uv": [ 13.24, 15.24, 13.76, 15.76 ], "texture": "#voxel_palette" },
				"west": { "uv": [ 13.24, 15.24, 13.76, 15.76 ], "texture": "#voxel_palette" },
				"east": { "uv": [ 13.24, 15.24, 13.76, 15.76 ], "texture": "#voxel_palette" }
			}
		},
		{
			"__comment": "Voxels-BBBBBB",
			"from": [ 11, 11, 6 ],
			"to": [ 12, 13, 9 ],
			"faces": {
				"down": { "uv": [ 8.24, 15.24, 8.76, 15.76 ], "texture": "#voxel_palette" },
				"up": { "uv": [ 8.24, 15.24, 8.76, 15.76 ], "texture": "#voxel_palette" },
				"north": { "uv": [ 8.24, 15.24, 8.76, 15.76 ], "texture": "#voxel_palette" },
				"south": { "uv": [ 8.24, 15.24, 8.76, 15.76 ], "texture": "#voxel_palette" },
				"west": { "uv": [ 8.24, 15.24, 8.76, 15.76 ], "texture": "#voxel_palette" },
				"east": { "uv": [ 8.24, 15.24, 8.76, 15.76 ], "texture": "#voxel_palette" }
			}
		},
		{
			"__comment": "Voxels-E83015",
			"from": [ 12, 7, 9 ],
			"to": [ 13, 8, 10 ],
			"faces": {
				"down": { "uv": [ 6.24, 2.24, 6.76, 2.76 ], "texture": "#voxel_palette" },
				"up": { "uv": [ 6.24, 2.24, 6.76, 2.76 ], "texture": "#voxel_palette" },
				"north": { "uv": [ 6.24, 2.24, 6.76, 2.76 ], "texture": "#voxel_palette" },
				"south": { "uv": [ 6.24, 2.24, 6.76, 2.76 ], "texture": "#voxel_palette" },
				"west": { "uv": [ 6.24, 2.24, 6.76, 2.76 ], "texture": "#voxel_palette" },
				"east": { "uv": [ 6.24, 2.24, 6.76, 2.76 ], "texture": "#voxel_palette" }
			}
		},
		{
			"__comment": "Voxels-86C166",
			"from": [ 12, 8, 9 ],
			"to": [ 13, 9, 10 ],
			"faces": {
				"down": { "uv": [ 0.24, 9.24, 0.76, 9.76 ], "texture": "#voxel_palette" },
				"up": { "uv": [ 0.24, 9.24, 0.76, 9.76 ], "texture": "#voxel_palette" },
				"north": { "uv": [ 0.24, 9.24, 0.76, 9.76 ], "texture": "#voxel_palette" },
				"south": { "uv": [ 0.24, 9.24, 0.76, 9.76 ], "texture": "#voxel_palette" },
				"west": { "uv": [ 0.24, 9.24, 0.76, 9.76 ], "texture": "#voxel_palette" },
				"east": { "uv": [ 0.24, 9.24, 0.76, 9.76 ], "texture": "#voxel_palette" }
			}
		},
		{
			"__comment": "Voxels-444444",
			"from": [ 12, 9, 9 ],
			"to": [ 14, 10, 10 ],
			"faces": {
				"down": { "uv": [ 13.24, 15.24, 13.76, 15.76 ], "texture": "#voxel_palette" },
				"up": { "uv": [ 13.24, 15.24, 13.76, 15.76 ], "texture": "#voxel_palette" },
				"north": { "uv": [ 13.24, 15.24, 13.76, 15.76 ], "texture": "#voxel_palette" },
				"south": { "uv": [ 13.24, 15.24, 13.76, 15.76 ], "texture": "#voxel_palette" },
				"west": { "uv": [ 13.24, 15.24, 13.76, 15.76 ], "texture": "#voxel_palette" },
				"east": { "uv": [ 13.24, 15.24, 13.76, 15.76 ], "texture": "#voxel_palette" }
			}
		},
		{
			"__comment": "Voxels-DDDDDD",
			"from": [ 12, 12, 6 ],
			"to": [ 14, 13, 9 ],
			"faces": {
				"down": { "uv": [ 7.24, 15.24, 7.76, 15.76 ], "texture": "#voxel_palette" },
				"up": { "uv": [ 7.24, 15.24, 7.76, 15.76 ], "texture": "#voxel_palette" },
				"north": { "uv": [ 7.24, 15.24, 7.76, 15.76 ], "texture": "#voxel_palette" },
				"south": { "uv": [ 7.24, 15.24, 7.76, 15.76 ], "texture": "#voxel_palette" },
				"west": { "uv": [ 7.24, 15.24, 7.76, 15.76 ], "texture": "#voxel_palette" },
				"east": { "uv": [ 7.24, 15.24, 7.76, 15.76 ], "texture": "#voxel_palette" }
			}
		},
		{
			"__comment": "Voxels-444444",
			"from": [ 13, 7, 9 ],
			"to": [ 14, 9, 10 ],
			"faces": {
				"down": { "uv": [ 13.24, 15.24, 13.76, 15.76 ], "texture": "#voxel_palette" },
				"up": { "uv": [ 13.24, 15.24, 13.76, 15.76 ], "texture": "#voxel_palette" },
				"north": { "uv": [ 13.24, 15.24, 13.76, 15.76 ], "texture": "#voxel_palette" },
				"south": { "uv": [ 13.24, 15.24, 13.76, 15.76 ], "texture": "#voxel_palette" },
				"west": { "uv": [ 13.24, 15.24, 13.76, 15.76 ], "texture": "#voxel_palette" },
				"east": { "uv": [ 13.24, 15.24, 13.76, 15.76 ], "texture": "#voxel_palette" }
			}
		},
		{
			"__comment": "Voxels-222222",
			"from": [ 14, 0, 0 ],
			"to": [ 16, 2, 1 ],
			"faces": {
				"down": { "uv": [ 14.24, 15.24, 14.76, 15.76 ], "texture": "#voxel_palette" },
				"up": { "uv": [ 14.24, 15.24, 14.76, 15.76 ], "texture": "#voxel_palette" },
				"north": { "uv": [ 14.24, 15.24, 14.76, 15.76 ], "texture": "#voxel_palette" },
				"south": { "uv": [ 14.24, 15.24, 14.76, 15.76 ], "texture": "#voxel_palette" },
				"west": { "uv": [ 14.24, 15.24, 14.76, 15.76 ], "texture": "#voxel_palette" },
				"east": { "uv": [ 14.24, 15.24, 14.76, 15.76 ], "texture": "#voxel_palette" }
			}
		},
		{
			"__comment": "Voxels-777777",
			"from": [ 14, 0, 1 ],
			"to": [ 16, 2, 15 ],
			"faces": {
				"down": { "uv": [ 11.24, 15.24, 11.76, 15.76 ], "texture": "#voxel_palette" },
				"up": { "uv": [ 11.24, 15.24, 11.76, 15.76 ], "texture": "#voxel_palette" },
				"north": { "uv": [ 11.24, 15.24, 11.76, 15.76 ], "texture": "#voxel_palette" },
				"south": { "uv": [ 11.24, 15.24, 11.76, 15.76 ], "texture": "#voxel_palette" },
				"west": { "uv": [ 11.24, 15.24, 11.76, 15.76 ], "texture": "#voxel_palette" },
				"east": { "uv": [ 11.24, 15.24, 11.76, 15.76 ], "texture": "#voxel_palette" }
			}
		},
		{
			"__comment": "Voxels-222222",
			"from": [ 14, 0, 15 ],
			"to": [ 16, 2, 16 ],
			"faces": {
				"down": { "uv": [ 14.24, 15.24, 14.76, 15.76 ], "texture": "#voxel_palette" },
				"up": { "uv": [ 14.24, 15.24, 14.76, 15.76 ], "texture": "#voxel_palette" },
				"north": { "uv": [ 14.24, 15.24, 14.76, 15.76 ], "texture": "#voxel_palette" },
				"south": { "uv": [ 14.24, 15.24, 14.76, 15.76 ], "texture": "#voxel_palette" },
				"west": { "uv": [ 14.24, 15.24, 14.76, 15.76 ], "texture": "#voxel_palette" },
				"east": { "uv": [ 14.24, 15.24, 14.76, 15.76 ], "texture": "#voxel_palette" }
			}
		},
		{
			"__comment": "Voxels-777777",
			"from": [ 14, 2, 7 ],
			"to": [ 16, 3, 9 ],
			"faces": {
				"down": { "uv": [ 11.24, 15.24, 11.76, 15.76 ], "texture": "#voxel_palette" },
				"up": { "uv": [ 11.24, 15.24, 11.76, 15.76 ], "texture": "#voxel_palette" },
				"north": { "uv": [ 11.24, 15.24, 11.76, 15.76 ], "texture": "#voxel_palette" },
				"south": { "uv": [ 11.24, 15.24, 11.76, 15.76 ], "texture": "#voxel_palette" },
				"west": { "uv": [ 11.24, 15.24, 11.76, 15.76 ], "texture": "#voxel_palette" },
				"east": { "uv": [ 11.24, 15.24, 11.76, 15.76 ], "texture": "#voxel_palette" }
			}
		},
		{
			"__comment": "Voxels-777777",
			"from": [ 14, 4, 7 ],
			"to": [ 16, 10, 9 ],
			"faces": {
				"down": { "uv": [ 11.24, 15.24, 11.76, 15.76 ], "texture": "#voxel_palette" },
				"up": { "uv": [ 11.24, 15.24, 11.76, 15.76 ], "texture": "#voxel_palette" },
				"north": { "uv": [ 11.24, 15.24, 11.76, 15.76 ], "texture": "#voxel_palette" },
				"south": { "uv": [ 11.24, 15.24, 11.76, 15.76 ], "texture": "#voxel_palette" },
				"west": { "uv": [ 11.24, 15.24, 11.76, 15.76 ], "texture": "#voxel_palette" },
				"east": { "uv": [ 11.24, 15.24, 11.76, 15.76 ], "texture": "#voxel_palette" }
			}
		},
		{
			"__comment": "Voxels-BBBBBB",
			"from": [ 14, 11, 6 ],
			"to": [ 15, 13, 9 ],
			"faces": {
				"down": { "uv": [ 8.24, 15.24, 8.76, 15.76 ], "texture": "#voxel_palette" },
				"up": { "uv": [ 8.24, 15.24, 8.76, 15.76 ], "texture": "#voxel_palette" },
				"north": { "uv": [ 8.24, 15.24, 8.76, 15.76 ], "texture": "#voxel_palette" },
				"south": { "uv": [ 8.24, 15.24, 8.76, 15.76 ], "texture": "#voxel_palette" },
				"west": { "uv": [ 8.24, 15.24, 8.76, 15.76 ], "texture": "#voxel_palette" },
				"east": { "uv": [ 8.24, 15.24, 8.76, 15.76 ], "texture": "#voxel_palette" }
			}
		},
		{
			"__comment": "Voxels-BBBBBB",
			"from": [ 14, 13, 7 ],
			"to": [ 15, 14, 8 ],
			"faces": {
				"down": { "uv": [ 8.24, 15.24, 8.76, 15.76 ], "texture": "#voxel_palette" },
				"up": { "uv": [ 8.24, 15.24, 8.76, 15.76 ], "texture": "#voxel_palette" },
				"north": { "uv": [ 8.24, 15.24, 8.76, 15.76 ], "texture": "#voxel_palette" },
				"south": { "uv": [ 8.24, 15.24, 8.76, 15.76 ], "texture": "#voxel_palette" },
				"west": { "uv": [ 8.24, 15.24, 8.76, 15.76 ], "texture": "#voxel_palette" },
				"east": { "uv": [ 8.24, 15.24, 8.76, 15.76 ], "texture": "#voxel_palette" }
			}
		}
	],
	"display": {
		"head": {
			"scale":  [ 1.58, 1.58, 1.58 ]
		}
	}
}